date,epiweek,RO,AC,AM,RR,PA,AP,TO,MA,PI,CE,RN,PB,PE,AL,SE,BA,MG,ES,RJ,SP,PR,SC,RS,MS,MT,GO,DF
2010-01-03,201001,2456,760,155,25,115,34,231,13,59,138,19,11,64,73,3,539,2124,164,289,1628,110,10,12,1859,3563,5163,107
2010-01-10,201002,2404,896,162,29,173,58,278,27,52,173,27,20,72,98,7,564,2826,206,316,2461,135,15,13,2406,3578,6473,219
2010-01-17,201003,2213,892,60,28,176,33,357,35,57,222,27,17,100,146,5,623,3705,211,347,2894,162,8,8,3031,3470,6703,284
2010-01-24,201004,2070,1235,90,38,176,43,360,36,78,241,34,47,131,162,4,634,5000,202,375,3952,285,6,6,3553,3221,6753,372
2010-01-31,201005,1949,1811,96,68,240,89,367,40,101,311,20,63,196,245,3,866,5800,230,448,5372,425,11,15,3842,2888,6728,474
2010-02-07,201006,1498,1927,91,98,192,72,333,23,144,338,23,54,216,227,1,737,6008,256,391,7808,734,8,27,4771,2304,5975,536
2010-02-14,201007,1318,2160,99,105,258,92,398,43,146,337,41,68,333,458,1,882,7263,319,479,10841,1027,13,149,4484,2062,5282,676
2010-02-21,201008,873,1969,90,116,272,96,486,49,148,418,33,53,417,670,3,1031,9572,420,684,12566,1387,15,465,4276,1776,4884,905
2010-02-28,201009,728,1989,135,184,401,93,484,60,200,506,41,122,484,1005,7,1405,11456,585,686,14213,1824,9,686,4490,1679,4723,1005
2010-03-07,201010,554,1651,106,117,446,60,419,72,192,475,48,113,549,1552,6,1635,11359,652,653,14241,2158,8,506,3947,1413,4093,787
2010-03-14,201011,353,1476,83,151,514,46,445,81,173,372,55,89,643,1757,4,1859,13774,925,779,15875,2711,4,470,4499,1209,4074,950
2010-03-21,201012,268,1039,63,149,392,15,429,58,168,353,64,76,660,1979,10,1713,13781,679,794,15865,3214,7,376,3906,914,3528,934
2010-03-28,201013,237,915,43,159,332,36,400,52,191,314,58,84,660,2350,12,1501,14594,794,970,15969,3216,9,278,3295,663,3222,899
2010-04-04,201014,273,875,72,254,391,41,422,63,194,315,74,88,635,2098,11,2032,17820,1065,1158,14526,3511,9,249,2892,600,3232,1023
2010-04-11,201015,193,692,74,188,308,43,411,68,201,345,82,96,646,2103,15,1655,13964,957,1101,10881,2841,8,165,2194,505,2609,850
2010-04-18,201016,163,522,109,229,279,50,412,81,222,351,79,117,757,2136,16,1620,12650,1106,1264,10891,2830,9,61,1984,523,2424,724
2010-04-25,201017,175,595,69,188,263,63,376,100,304,456,117,142,936,1897,14,2023,14327,1218,1672,12492,3121,7,34,2036,477,2866,837
2010-05-02,201018,120,477,92,217,283,47,336,97,224,446,118,158,1131,2114,21,2099,13575,1206,1744,10497,2728,8,36,1564,344,2642,972
2010-05-09,201019,86,396,124,219,290,81,239,117,312,505,143,213,1446,2128,29,2089,9859,1312,1654,7306,1711,3,15,993,190,1776,751
2010-05-16,201020,69,258,90,284,269,69,239,77,264,581,169,258,1615,1776,38,2240,6954,1274,1525,4431,658,1,9,464,179,1463,642
2010-05-23,201021,40,204,83,414,263,67,183,85,246,477,159,193,1792,1741,26,2048,4939,1080,1261,3071,381,4,3,308,170,1083,612
2010-05-30,201022,48,210,148,584,241,76,159,89,261,477,182,268,2076,1845,21,1767,3149,945,1107,2119,247,1,2,195,159,862,407
2010-06-06,201023,42,276,173,525,263,65,139,118,234,503,231,252,1988,1763,20,1511,1898,876,866,1483,234,0,7,178,152,716,217
2010-06-13,201024,53,185,186,411,257,61,113,142,213,530,241,200,1511,1649,16,1071,1199,714,688,897,199,2,4,150,107,552,187
2010-06-20,201025,33,185,117,370,196,45,79,99,219,362,274,188,1430,1384,18,872,843,605,600,626,154,2,2,129,95,440,119
2010-06-27,201026,44,194,128,359,216,47,48,96,228,387,293,281,1657,1532,8,873,638,496,577,489,122,3,3,151,106,328,97
2010-07-04,201027,22,211,162,209,195,66,45,126,206,405,306,251,1557,1255,14,830,499,473,563,312,90,1,6,109,105,322,63
2010-07-11,201028,13,160,242,231,165,56,30,145,204,400,358,227,1384,1186,21,672,387,426,448,319,46,0,3,50,62,256,63
2010-07-18,201029,22,197,170,174,219,65,24,168,187,417,304,242,1356,1016,15,572,302,389,352,239,28,0,1,41,83,235,50
2010-07-25,201030,25,165,143,156,170,83,37,196,142,358,271,193,1131,945,23,441,227,350,443,245,28,0,0,52,77,261,36
2010-08-01,201031,19,114,143,214,265,126,33,264,173,358,305,173,1002,794,19,431,196,388,388,187,24,1,6,52,76,232,41
2010-08-08,201032,23,105,188,206,306,91,31,328,148,366,307,166,934,734,32,403,146,354,415,175,10,1,2,33,62,279,31
2010-08-15,201033,15,94,128,149,317,121,27,367,98,335,210,145,726,813,18,398,135,316,295,136,31,1,2,43,55,330,20
2010-08-22,201034,17,78,117,92,281,113,17,314,87,305,181,163,570,580,23,257,134,257,291,110,23,0,2,52,48,297,23
2010-08-29,201035,21,114,97,92,252,94,19,252,111,317,202,139,395,579,13,283,113,223,252,113,34,0,3,55,66,293,17
2010-09-05,201036,25,121,102,92,292,99,20,269,102,362,212,132,371,498,14,272,123,166,171,111,36,0,1,61,63,348,21
2010-09-12,201037,14,151,76,87,227,76,11,193,100,348,186,108,272,434,12,253,130,207,185,113,34,0,1,53,87,351,16
2010-09-19,201038,12,200,99,66,264,80,8,155,90,299,166,145,265,442,21,219,118,179,142,117,41,1,4,60,61,442,26
2010-09-26,201039,23,172,126,30,260,57,10,156,77,315,162,120,208,363,11,236,129,166,150,82,36,0,0,57,66,586,31
2010-10-03,201040,22,164,112,23,257,109,7,125,47,414,169,109,156,316,11,197,96,142,89,83,35,2,2,53,62,528,30
2010-10-10,201041,34,202,113,22,344,78,21,119,48,509,182,118,138,345,11,194,83,184,110,103,30,0,0,56,60,458,15
2010-10-17,201042,37,262,117,32,294,47,20,107,40,443,159,97,134,297,17,230,112,182,94,89,40,2,1,48,89,505,20
2010-10-24,201043,56,319,76,20,257,71,18,53,34,309,137,85,155,295,15,193,90,163,108,94,64,0,0,51,73,463,13
2010-10-31,201044,127,535,124,11,364,68,71,68,55,372,142,92,141,301,17,223,148,185,148,111,59,2,1,79,107,468,21
2010-11-07,201045,132,621,175,24,382,41,82,74,55,498,165,97,139,293,21,312,162,252,193,104,66,0,0,116,135,584,17
2010-11-14,201046,179,786,302,27,501,49,95,103,53,605,176,93,180,296,23,404,187,327,214,127,76,1,4,86,178,684,22
2010-11-21,201047,193,849,353,23,578,28,100,72,55,569,180,106,170,167,28,443,243,367,318,168,91,0,0,127,199,651,18
2010-11-28,201048,215,960,351,17,635,53,111,65,56,777,180,81,148,95,18,531,341,430,407,218,151,3,2,114,279,814,17
2010-12-05,201049,307,1196,440,22,523,32,93,79,77,847,176,100,161,145,31,577,388,498,559,262,281,0,1,126,356,1054,27
2010-12-12,201050,238,1174,415,28,510,25,117,64,62,730,176,93,165,152,53,490,379,474,615,308,354,1,2,135,323,961,34
2010-12-19,201051,143,1592,478,26,430,27,84,80,79,627,188,78,140,111,24,419,413,395,514,284,293,0,1,140,186,690,39
2010-12-26,201052,135,1831,651,34,506,59,124,115,83,772,159,108,116,96,24,368,448,397,501,377,353,4,2,134,199,658,38
2011-01-02,201101,147,2139,1492,28,679,89,179,180,168,1131,206,163,139,127,27,585,690,442,823,523,305,4,3,191,280,826,57
2011-01-09,201102,169,2060,1948,34,794,153,197,214,184,1127,205,145,187,121,40,601,833,557,1026,665,423,5,0,194,281,942,69
2011-01-16,201103,173,2007,2356,40,865,129,218,286,153,1288,272,194,169,126,33,695,951,711,1306,953,672,5,8,225,286,1068,90
2011-01-23,201104,143,1594,3213,45,1066,142,245,306,205,1456,374,223,213,145,29,745,1133,809,1793,1172,830,7,5,299,286,1156,94
2011-01-30,201105,148,1457,3409,33,1243,173,269,420,311,1765,518,320,324,187,43,895,1311,960,2609,1955,1219,9,6,265,230,1263,106
2011-02-06,201106,132,1410,4629,37,1167,227,300,454,284,2027,598,370,405,253,61,1085,1439,1216,3977,2611,1477,5,2,269,210,1380,118
2011-02-13,201107,158,1189,5555,29,1138,171,223,472,234,2328,548,396,426,238,60,1119,1560,1288,4709,3026,1831,4,12,325,210,1234,106
2011-02-20,201108,126,912,7000,36,1030,126,243,383,240,2418,643,477,364,217,45,1054,1388,1278,4772,3455,2002,2,9,299,173,1083,94
2011-02-27,201109,124,771,6171,29,831,103,228,326,215,2527,723,459,391,244,35,1084,1220,1274,4326,4244,2271,8,10,306,182,1016,123
2011-03-06,201110,159,689,5353,27,764,118,280,333,285,2803,896,598,550,273,61,1302,1404,1194,4348,3632,2123,5,9,349,191,1017,144
2011-03-13,201111,150,641,4382,47,887,148,307,444,413,3471,1086,751,693,333,84,1660,1764,1359,6700,5618,2641,6,12,479,186,1180,130
2011-03-20,201112,163,651,3203,56,788,106,329,437,452,3747,1298,799,777,375,107,2004,2055,1989,9657,6575,2862,5,31,540,208,1438,176
2011-03-27,201113,174,548,2292,31,716,102,309,398,522,4052,1196,870,768,388,114,2034,1862,1721,11061,6504,2208,2,35,499,234,1421,164
2011-04-03,201114,119,453,1888,39,597,91,356,334,532,4653,1252,703,800,347,109,2173,2114,2024,13213,8853,1988,5,39,508,185,1503,169
2011-04-10,201115,125,321,1216,23,418,50,271,264,497,4193,1105,624,714,277,99,1836,1991,1918,12251,8662,1461,9,41,417,185,1378,184
2011-04-17,201116,93,204,827,24,270,47,242,239,374,3408,979,462,659,288,88,1516,1894,1638,10745,8366,1083,7,34,369,96,1179,148
2011-04-24,201117,58,127,596,21,302,37,285,224,431,2991,1062,443,555,235,113,1643,2034,1870,11531,10125,1301,11,23,437,84,1207,166
2011-05-01,201118,42,93,569,26,246,46,383,254,439,2616,982,400,630,296,76,1556,1998,2236,10445,7612,930,7,17,319,81,1268,151
2011-05-08,201119,48,102,573,17,238,27,418,358,494,2420,935,449,707,304,140,1577,2018,2230,9578,6318,597,6,10,194,77,1143,179
2011-05-15,201120,45,68,533,20,192,40,366,337,430,2139,870,446,667,261,152,1268,1526,1893,7989,5467,466,2,8,196,50,994,148
2011-05-22,201121,24,53,337,34,132,21,393,298,346,1639,781,382,594,179,126,1164,1019,1473,6131,3099,243,2,4,139,51,706,103
2011-05-29,201122,19,50,309,20,139,25,415,337,388,1227,817,392,570,222,103,1190,721,1347,4753,2043,169,4,4,98,46,581,79
2011-06-05,201123,16,30,280,34,115,20,318,364,355,989,848,290,488,201,90,939,531,1121,3168,1075,79,1,1,64,59,547,72
2011-06-12,201124,8,33,251,33,93,16,341,316,335,700,633,293,384,209,83,728,366,783,2299,674,43,0,1,37,67,348,56
2011-06-19,201125,7,18,254,24,71,11,206,280,244,583,445,214,357,132,90,487,262,585,1610,408,42,2,1,41,52,293,47
2011-06-26,201126,7,18,192,36,102,17,200,222,208,476,409,216,362,119,102,608,227,551,1330,383,24,0,1,16,45,230,22
2011-07-03,201127,8,14,114,34,77,11,189,229,203,364,388,160,292,102,94,523,182,409,960,215,10,1,1,20,33,219,25
2011-07-10,201128,14,15,139,45,54,10,155,252,167,301,331,139,260,128,87,490,138,285,775,177,21,1,0,19,48,224,26
2011-07-17,201129,5,16,131,39,81,5,129,232,144,275,257,114,242,96,112,399,114,283,589,169,11,2,2,22,54,231,30
2011-07-24,201130,5,10,136,17,72,9,92,234,111,282,228,117,217,120,96,354,126,264,489,136,20,1,0,22,46,192,40
2011-07-31,201131,19,10,116,26,76,15,109,282,119,226,256,83,225,111,84,340,110,228,337,111,10,1,1,12,37,207,33
2011-08-07,201132,21,18,118,31,82,15,105,270,117,176,176,75,230,148,75,295,97,203,332,116,12,0,2,22,45,190,36
2011-08-14,201133,9,13,99,26,103,16,110,253,86,190,163,64,172,129,76,239,98,186,339,97,14,0,0,18,44,180,26
2011-08-21,201134,11,9,77,24,82,11,98,251,95,170,126,50,131,85,61,211,78,102,279,83,12,0,0,16,32,182,22
2011-08-28,201135,9,10,91,20,110,11,98,165,102,135,88,59,155,101,65,213,82,98,230,109,14,2,3,16,56,155,37
2011-09-04,201136,14,9,62,20,99,16,90,120,90,158,103,52,172,128,57,190,82,95,274,113,16,0,2,21,67,155,13
2011-09-11,201137,21,11,91,12,83,12,93,104,70,143,91,37,157,114,70,180,103,103,298,114,15,1,1,16,56,187,36
2011-09-18,201138,14,7,55,14,101,9,92,82,59,140,77,40,149,104,35,179,99,90,353,147,14,0,0,15,62,246,40
2011-09-25,201139,20,11,74,12,100,18,104,52,49,139,88,24,165,112,39,181,102,99,389,138,28,0,0,35,62,258,35
2011-10-02,201140,18,9,69,15,61,4,55,60,47,135,79,33,171,115,57,214,89,69,377,162,20,1,0,24,51,290,13
2011-10-09,201141,18,11,55,11,103,14,75,52,59,118,83,34,174,100,55,191,86,85,434,118,14,0,0,24,54,309,40
2011-10-16,201142,13,12,62,17,102,21,91,33,47,127,79,21,196,101,56,189,133,92,388,136,29,1,1,30,84,352,26
2011-10-23,201143,8,18,53,13,99,3,97,59,33,112,101,23,207,116,47,184,142,115,555,130,31,0,0,31,62,384,23
2011-10-30,201144,32,24,60,14,156,8,74,54,70,138,115,26,239,91,46,238,168,159,497,113,31,0,2,23,102,329,23
2011-11-06,201145,20,13,100,8,185,4,76,42,88,121,105,27,292,84,41,226,199,184,601,111,40,0,1,42,102,311,30
2011-11-13,201146,26,34,153,19,287,19,94,51,93,117,108,32,301,71,46,233,182,135,514,154,34,1,0,47,135,373,26
2011-11-20,201147,29,41,127,19,302,7,138,77,82,138,105,24,308,124,62,309,236,132,757,132,50,6,1,50,162,362,28
2011-11-27,201148,36,51,164,23,256,3,169,56,103,177,89,28,393,127,77,340,224,139,753,162,68,2,3,41,167,475,29
2011-12-04,201149,36,40,129,27,343,1,204,72,94,208,130,28,444,156,82,350,301,180,977,216,49,3,3,58,188,553,36
2011-12-11,201150,39,41,125,41,385,1,205,79,91,174,154,28,481,202,100,527,295,203,1232,249,37,0,2,66,196,495,29
2011-12-18,201151,40,51,84,27,325,7,170,82,93,187,199,19,452,189,67,505,339,176,1131,286,38,2,3,73,163,407,20
2011-12-25,201152,25,51,128,21,293,3,178,63,70,198,160,14,428,254,85,449,323,138,1067,242,38,1,1,50,201,343,27
2012-01-01,201201,75,116,202,31,541,9,287,119,135,274,297,20,799,262,112,611,397,193,1558,328,33,5,6,96,306,505,28
2012-01-08,201202,84,78,198,38,534,8,392,147,180,412,264,25,757,257,85,833,511,221,1673,365,25,3,3,113,391,537,38
2012-01-15,201203,62,110,222,36,597,8,412,133,141,541,236,23,843,303,105,878,566,236,2075,358,33,4,6,122,440,548,43
2012-01-22,201204,59,76,199,39,667,11,430,125,143,524,306,41,900,367,103,857,559,214,2272,415,43,2,6,132,404,553,42
2012-01-29,201205,70,82,332,20,786,13,546,162,180,554,446,43,1062,386,133,865,602,188,2491,579,55,4,2,135,610,632,31
2012-02-05,201206,59,83,476,31,911,17,599,208,231,608,402,57,1263,364,172,1081,613,201,2937,645,67,8,5,126,583,640,49
2012-02-12,201207,75,103,240,22,652,10,574,161,146,566,364,24,1211,370,109,1065,534,176,3356,747,83,3,1,161,707,562,28
2012-02-19,201208,90,105,172,17,647,8,443,191,188,568,458,54,1462,392,147,1374,645,201,3914,837,114,2,7,149,861,586,37
2012-02-26,201209,75,85,138,39,817,7,420,230,222,767,677,98,1708,565,161,1876,745,216,5653,1069,148,2,7,149,1045,615,49
2012-03-04,201210,91,63,99,37,807,16,446,231,227,906,662,108,1797,626,154,2046,886,207,6927,1303,214,6,3,149,1052,606,60
2012-03-11,201211,102,49,98,64,780,6,472,266,337,1156,962,134,1952,754,146,2233,843,222,6828,1413,206,0,16,219,1184,591,58
2012-03-18,201212,73,46,95,75,694,6,591,292,364,1201,1070,197,1985,1119,197,2275,913,248,8097,1443,206,7,6,225,1411,617,38
2012-03-25,201213,80,39,80,68,501,5,507,222,347,1306,1056,235,1620,911,182,2248,886,237,8464,1398,236,2,9,252,1307,561,66
2012-04-01,201214,75,41,38,32,463,11,434,152,365,1467,1277,245,1782,1192,222,2073,959,245,9083,1394,205,1,4,255,1119,464,39
2012-04-08,201215,75,41,62,60,467,13,491,192,614,1999,1624,389,1766,1255,239,2856,1192,291,11202,1715,225,6,12,410,1447,598,72
2012-04-15,201216,65,24,47,44,426,10,499,213,760,2840,1650,471,1602,1409,246,2595,1261,296,13310,2093,236,4,4,454,1564,687,65
2012-04-22,201217,75,24,47,34,327,10,412,169,728,3591,1772,471,1203,1430,204,2480,1080,272,12492,1876,218,8,12,296,1412,691,60
2012-04-29,201218,69,17,51,51,289,19,349,170,914,5092,1848,469,1186,1448,224,2340,1158,252,11259,1714,190,8,6,248,1341,777,79
2012-05-06,201219,69,16,32,47,292,10,330,153,972,6752,1499,518,971,1390,174,2180,978,255,11160,1056,151,1,11,199,1294,731,78
2012-05-13,201220,64,28,31,68,248,19,326,148,823,6666,1548,512,724,1313,163,1990,848,222,9607,1068,122,1,4,169,1238,599,39
2012-05-20,201221,62,25,57,75,223,13,273,124,747,4707,1144,374,674,998,146,1522,664,181,8114,800,147,2,4,203,1054,657,49
2012-05-27,201222,68,18,69,50,148,5,176,143,542,2954,995,290,498,795,106,1293,685,277,6528,655,93,1,3,162,939,537,46
2012-06-03,201223,72,13,52,50,143,10,142,108,402,2004,948,314,396,813,108,1048,604,213,5320,545,48,0,2,120,639,456,43
2012-06-10,201224,68,14,61,51,198,22,138,119,392,1621,792,294,382,686,101,982,687,244,4796,487,42,1,4,92,611,621,52
2012-06-17,201225,76,7,71,56,165,15,142,103,299,1061,712,243,364,688,81,731,531,260,3725,431,33,2,0,97,652,508,31
2012-06-24,201226,55,14,54,49,163,11,95,59,240,765,610,257,309,602,64,599,491,232,2856,315,32,2,0,77,569,360,27
2012-07-01,201227,55,16,70,54,139,18,97,70,187,601,600,239,306,700,88,603,364,247,2067,233,17,1,1,74,606,382,35
2012-07-08,201228,40,13,65,31,168,22,67,68,156,470,575,249,319,609,89,602,334,195,1326,175,16,0,0,52,421,301,35
2012-07-15,201229,46,10,67,31,162,20,78,79,189,368,492,237,323,657,68,615,236,196,1015,125,13,0,0,30,330,238,33
2012-07-22,201230,43,7,69,35,175,23,70,53,163,320,471,213,279,583,48,471,222,174,703,137,8,2,2,25,317,258,28
2012-07-29,201231,52,9,53,68,191,36,38,40,132,261,430,263,200,679,46,465,176,158,812,140,15,1,1,30,338,279,26
2012-08-05,201232,36,6,43,77,233,76,43,68,111,181,357,213,169,478,50,372,174,150,775,120,17,0,0,26,306,230,23
2012-08-12,201233,44,7,44,48,195,49,44,59,92,198,345,248,130,402,39,309,147,143,728,89,10,1,0,37,251,207,20
2012-08-19,201234,39,15,41,57,196,74,41,63,92,150,264,155,94,433,26,269,128,117,612,86,12,0,1,27,195,214,23
2012-08-26,201235,32,9,51,34,141,67,27,29,70,108,199,157,87,442,30,289,111,125,463,66,11,0,0,25,141,206,16
2012-09-02,201236,18,6,48,29,125,68,22,49,58,113,183,117,62,372,23,203,111,112,385,54,15,0,0,25,102,213,18
2012-09-09,201237,21,14,53,31,163,86,30,39,38,79,150,98,67,285,28,240,117,177,404,81,11,0,0,54,152,241,22
2012-09-16,201238,26,13,58,32,122,98,23,36,42,100,139,82,75,266,25,187,135,137,410,82,4,0,0,56,148,221,10
2012-09-23,201239,22,11,47,17,108,86,37,16,23,66,96,73,57,228,27,166,141,140,308,62,10,0,0,51,115,268,17
2012-09-30,201240,35,15,60,19,99,74,28,30,30,61,90,62,59,153,21,183,128,190,308,90,17,0,0,35,195,303,11
2012-10-07,201241,30,36,42,9,111,75,34,14,24,86,85,48,64,130,19,156,97,129,260,96,13,0,0,48,193,270,21
2012-10-14,201242,31,28,65,14,78,56,56,19,29,76,105,59,55,130,27,152,168,182,314,126,17,3,0,51,238,307,20
2012-10-21,201243,49,26,69,16,106,46,73,21,28,71,103,49,62,128,16,137,189,200,335,126,21,0,1,80,232,341,16
2012-10-28,201244,53,60,93,18,127,54,66,18,29,66,93,36,58,108,10,154,181,163,400,202,24,0,0,112,236,308,10
2012-11-04,201245,55,56,78,14,149,65,60,8,38,80,95,43,85,141,12,198,228,171,437,165,28,2,0,145,319,342,10
2012-11-11,201246,64,54,70,17,176,41,84,14,28,80,110,39,52,106,11,232,177,189,346,179,39,0,2,256,362,356,17
2012-11-18,201247,91,83,138,17,202,46,94,12,24,105,109,19,67,109,11,272,350,268,424,264,47,0,3,329,521,484,26
2012-11-25,201248,96,112,159,8,196,28,139,18,28,79,107,30,41,100,6,312,415,365,543,289,81,0,2,356,565,599,23
2012-12-02,201249,105,130,194,14,179,47,138,21,31,99,114,26,51,81,2,342,742,413,672,322,120,1,0,430,621,548,15
2012-12-09,201250,145,174,208,15,135,26,178,20,26,77,143,42,80,78,8,326,1138,544,760,360,262,0,5,610,764,767,31
2012-12-16,201251,154,153,156,3,91,26,115,17,23,58,121,37,49,45,5,324,1689,676,731,471,305,1,2,656,627,784,38
2012-12-23,201252,165,129,192,8,91,28,156,16,13,65,150,38,30,55,3,426,3020,851,1220,624,358,3,1,1443,967,1246,56
2012-12-30,201301,297,152,336,8,199,72,258,32,24,98,229,47,50,58,10,730,5082,1119,2109,1473,618,13,11,2688,1550,3001,196
2013-01-06,201302,527,185,474,9,287,63,314,62,50,148,264,64,53,60,8,1048,7464,1509,3157,2200,1036,19,7,4419,1922,4174,172
2013-01-13,201303,607,217,687,18,383,52,331,51,66,206,297,120,74,57,8,1302,8617,1644,3650,2938,1289,17,3,6006,1983,5071,170
2013-01-20,201304,537,218,1031,19,492,53,382,87,91,294,288,146,80,73,9,1660,8911,1836,4811,3762,1554,11,12,7305,2355,5293,223
2013-01-27,201305,671,192,1030,12,554,68,387,90,101,373,322,192,67,73,3,1941,9794,1752,5280,4760,2293,4,12,7594,2169,6197,218
2013-02-03,201306,633,164,870,11,394,51,379,106,64,331,237,187,88,88,16,2001,10391,1874,5321,5402,2619,20,14,6246,1890,5437,232
2013-02-10,201307,658,165,847,12,535,65,423,125,128,317,306,236,100,80,15,2531,13151,2333,7175,6250,2918,13,16,5596,1893,5896,293
2013-02-17,201308,524,171,1058,14,532,58,451,159,144,478,380,258,121,103,11,3689,19208,3217,11653,9474,3595,28,35,5322,1941,8040,468
2013-02-24,201309,499,135,906,15,580,68,497,178,205,583,460,276,142,138,13,3898,25738,4015,14117,12700,4018,19,44,4817,2262,8872,544
2013-03-03,201310,468,115,904,12,430,97,381,155,178,672,408,315,138,114,17,4306,28188,4067,15945,15286,4585,18,35,4819,1772,8061,568
2013-03-10,201311,495,98,823,13,434,90,411,113,173,700,371,335,177,107,6,4359,34886,4310,18903,19087,5446,16,45,3959,1764,7792,763
2013-03-17,201312,339,95,811,12,465,87,327,89,174,574,411,258,203,192,11,4198,38598,3663,17598,18943,5412,17,31,3347,1480,7069,965
2013-03-24,201313,203,78,666,7,392,100,325,87,136,586,448,321,213,166,11,3402,32135,3511,15974,15205,4418,16,26,2552,1186,5617,905
2013-03-31,201314,207,60,832,12,431,117,355,158,179,928,622,407,280,196,16,3552,36697,3635,17739,18661,4983,27,45,2532,1304,6124,1245
2013-04-07,201315,183,37,745,12,429,103,322,166,240,1123,699,441,358,262,24,3258,37136,3305,17899,18793,4628,21,25,2208,1111,6056,1363
2013-04-14,201316,144,40,614,12,370,110,335,167,206,1151,632,485,365,249,14,3086,30623,3548,13879,16849,4428,19,33,2106,1069,5695,1237
2013-04-21,201317,109,26,411,19,242,56,319,150,171,1205,577,449,364,236,31,2342,19862,2995,9568,11461,2976,13,21,1431,755,4441,1119
2013-04-28,201318,89,25,444,22,239,33,236,125,127,1151,626,508,374,330,9,1852,11946,2788,7132,8527,2149,8,15,1029,669,3770,1060
2013-05-05,201319,102,32,356,38,207,50,255,100,193,1146,761,530,409,471,32,1823,8817,2596,5707,8514,2052,10,15,974,649,3368,1141
2013-05-12,201320,81,22,319,35,182,35,211,128,181,1177,627,562,332,601,37,1468,7484,2412,4357,6220,1349,7,6,937,555,3000,1130
2013-05-19,201321,68,11,333,26,127,20,201,127,195,1153,655,554,335,629,44,1207,5857,1645,3136,4116,927,4,4,573,463,2370,990
2013-05-26,201322,57,17,261,20,96,16,119,82,162,935,460,495,330,491,36,860,3281,1060,1943,2556,624,1,5,348,284,1456,845
2013-06-02,201323,45,14,309,25,62,16,118,78,192,1025,530,488,289,500,27,798,2584,1039,1485,1849,487,2,3,249,262,1450,765
2013-06-09,201324,34,14,222,28,56,12,138,89,177,1024,541,478,248,436,28,687,1938,1067,1272,1542,391,2,2,203,232,1259,631
2013-06-16,201325,27,30,181,31,33,10,98,61,165,1167,577,397,183,379,29,469,1382,925,918,1176,198,4,1,194,212,1056,422
2013-06-23,201326,34,17,181,34,26,3,63,61,138,938,540,351,168,290,17,383,810,732,703,712,99,0,2,134,177,754,348
2013-06-30,201327,36,20,172,24,33,15,41,47,139,1112,528,434,162,246,29,379,589,614,510,447,93,1,3,160,187,606,318
2013-07-07,201328,30,26,157,37,18,8,59,31,110,1067,539,380,131,234,16,343,437,447,403,409,61,0,1,107,163,504,288
2013-07-14,201329,19,14,106,20,21,8,38,33,128,943,521,323,156,231,10,319,350,519,332,328,43,0,0,86,116,440,211
2013-07-21,201330,16,7,108,12,23,10,23,46,78,812,533,387,129,226,9,245,248,386,221,163,28,0,1,43,92,298,176
2013-07-28,201331,28,9,125,16,18,10,28,35,85,939,439,318,153,230,11,251,191,344,231,181,26,2,1,66,113,328,170
2013-08-04,201332,16,3,97,16,24,18,23,48,57,901,553,297,157,223,10,226,175,318,178,166,12,0,2,46,116,350,92
2013-08-11,201333,16,4,83,18,22,12,42,55,50,774,418,278,115,198,13,163,123,250,158,153,21,2,1,44,74,328,77
2013-08-18,201334,11,5,70,17,26,12,35,36,47,666,409,312,129,172,6,177,157,269,147,126,23,0,1,26,81,332,55
2013-08-25,201335,15,3,52,19,23,11,21,35,42,456,295,228,108,192,9,153,136,221,132,111,21,0,2,36,59,243,56
2013-09-01,201336,11,3,63,33,25,7,17,44,54,403,247,223,88,222,16,165,134,244,114,104,20,0,0,31,81,273,49
2013-09-08,201337,14,4,79,27,23,7,23,52,41,323,274,176,83,191,8,187,131,193,128,104,23,1,0,39,82,300,52
2013-09-15,201338,31,11,65,24,22,8,27,34,43,272,238,139,93,208,9,172,144,218,125,129,20,0,0,29,81,273,54
2013-09-22,201339,18,2,55,26,26,11,34,16,29,204,174,122,97,223,7,163,164,175,140,110,27,0,0,32,89,231,38
2013-09-29,201340,23,5,62,15,35,5,23,22,27,192,215,127,119,181,16,154,158,163,116,85,15,0,0,38,83,330,43
2013-10-06,201341,28,6,68,21,24,13,26,22,27,179,162,121,93,158,14,129,161,170,117,102,24,0,1,23,99,327,23
2013-10-13,201342,29,9,60,20,24,5,20,13,30,131,147,105,77,184,13,126,183,171,114,130,34,1,1,31,97,387,22
2013-10-20,201343,37,3,65,16,30,7,37,14,16,137,131,91,78,176,16,127,199,203,175,145,39,1,1,37,137,390,34
2013-10-27,201344,42,13,88,27,58,8,44,20,16,129,133,78,71,168,19,118,196,147,154,149,58,0,0,50,106,348,50
2013-11-03,201345,58,20,48,15,58,9,54,17,16,127,145,73,83,168,12,116,205,140,140,161,69,1,0,57,158,417,37
2013-11-10,201346,88,23,62,8,55,10,62,15,34,142,171,84,75,187,15,170,208,158,163,150,63,0,0,54,161,536,38
2013-11-17,201347,103,30,79,19,86,4,77,17,19,209,217,59,89,191,27,194,318,220,210,195,85,4,2,75,215,676,50
2013-11-24,201348,98,12,89,19,86,3,79,20,41,175,216,55,55,188,17,149,299,177,217,215,82,1,2,84,212,631,51
2013-12-01,201349,122,31,136,6,80,3,98,24,25,171,153,91,69,185,16,182,345,233,314,231,104,1,0,67,221,798,51
2013-12-08,201350,73,22,103,8,89,3,101,24,19,165,109,76,64,186,14,172,394,253,247,200,110,0,1,85,194,842,71
2013-12-15,201351,78,29,103,18,33,3,86,10,17,141,90,52,49,170,13,112,412,215,201,197,161,2,0,55,152,797,71
2013-12-22,201352,44,31,72,19,48,4,83,6,15,85,58,56,58,171,9,90,354,295,211,213,162,2,0,50,128,799,61
2013-12-29,201401,41,37,178,8,69,9,134,15,30,143,73,67,63,96,10,175,542,478,311,260,220,2,3,62,157,1269,126
2014-01-05,201402,45,27,280,25,104,4,132,28,53,212,106,91,66,120,10,148,797,584,370,428,297,2,6,79,218,1692,162
2014-01-12,201403,39,36,237,21,124,6,129,24,64,266,114,72,52,157,3,174,977,717,363,620,312,4,2,96,230,1865,214
2014-01-19,201404,42,41,265,13,164,2,146,19,59,403,136,84,95,162,14,226,1258,654,325,830,332,2,2,122,271,2430,225
2014-01-26,201405,54,28,253,17,153,9,121,43,69,395,180,86,120,117,11,235,1562,547,259,1279,534,0,8,151,234,2815,235
2014-02-02,201406,71,30,207,15,138,9,123,59,72,417,245,123,119,178,12,264,1946,506,272,1778,616,1,4,144,290,2855,362
2014-02-09,201407,66,46,229,17,165,7,140,55,89,438,268,118,113,177,14,261,2287,528,235,3011,743,2,21,173,307,3045,316
2014-02-16,201408,57,38,274,8,174,6,128,81,78,357,259,105,136,144,8,283,2325,562,227,3670,812,3,8,159,329,3039,306
2014-02-23,201409,57,40,258,8,137,4,107,71,81,245,170,87,123,172,15,212,2061,448,166,3725,819,0,2,105,266,2517,313
2014-03-02,201410,61,36,212,14,165,12,122,63,95,339,195,95,146,150,19,236,2134,519,179,4649,857,2,12,76,241,2486,337
2014-03-09,201411,59,45,301,14,150,11,129,69,81,378,236,140,160,193,19,367,2275,528,195,6128,1017,0,8,109,282,2886,397
2014-03-16,201412,53,70,246,15,191,16,118,94,113,408,209,115,241,206,30,407,2743,554,185,8712,1214,3,5,115,279,3341,367
2014-03-23,201413,54,59,286,19,156,43,97,94,110,367,304,116,263,251,44,473,3035,511,207,12791,1368,4,7,130,233,3534,411
2014-03-30,201414,64,90,215,21,175,70,81,89,185,538,287,173,316,205,42,570,3104,529,201,15646,1409,5,4,121,259,3528,387
2014-04-06,201415,48,67,235,12,134,61,96,86,184,481,319,151,372,269,43,681,3640,628,182,20100,1655,5,11,100,259,3752,450
2014-04-13,201416,28,79,190,6,115,44,76,87,172,511,285,156,321,219,47,606,3642,516,155,23519,1477,6,5,112,178,3327,520
2014-04-20,201417,30,81,218,20,135,65,94,100,239,607,367,191,377,285,86,764,3902,671,179,22296,1438,8,4,126,232,4131,657
2014-04-27,201418,41,112,154,23,130,89,111,88,379,654,392,201,391,277,139,614,3177,556,198,19635,1347,8,9,104,169,4030,815
2014-05-04,201419,54,101,148,22,142,164,95,87,415,701,500,261,472,337,132,550,2650,564,199,15564,1245,2,4,112,168,3893,939
2014-05-11,201420,39,91,129,15,102,101,102,88,467,825,607,240,486,463,145,522,2282,550,192,14588,1120,3,4,85,165,3650,938
2014-05-18,201421,32,103,115,28,76,92,97,61,533,883,562,246,450,443,125,655,1889,544,135,10226,844,8,1,63,127,3666,825
2014-05-25,201422,34,95,106,35,93,76,87,68,408,862,423,238,458,514,120,545,1624,563,119,7427,489,5,2,41,101,3246,794
2014-06-01,201423,37,98,95,20,65,59,106,60,487,991,344,229,456,518,126,473,1276,594,135,4679,215,1,1,36,108,2749,659
2014-06-08,201424,28,105,66,37,55,38,89,44,398,776,287,167,372,512,76,315,988,444,132,3445,229,3,1,40,92,1979,464
2014-06-15,201425,30,108,76,34,55,45,53,49,338,766,277,167,294,467,68,244,612,394,122,2863,164,0,0,31,96,1493,374
2014-06-22,201426,22,129,73,26,52,21,62,64,307,776,320,139,249,407,62,235,514,406,96,2112,162,2,2,35,70,1229,274
2014-06-29,201427,22,90,67,20,40,14,36,50,253,817,314,135,248,507,69,220,366,318,95,1460,132,1,0,43,65,1028,250
2014-07-06,201428,14,119,63,27,41,25,29,52,223,761,291,133,247,494,63,216,323,322,89,1096,83,3,1,27,61,859,232
2014-07-13,201429,21,110,46,48,35,18,24,46,256,679,200,121,220,438,44,170,224,304,92,810,87,2,1,18,49,785,142
2014-07-20,201430,15,167,48,20,49,20,18,45,195,721,207,126,173,403,48,174,180,318,75,741,69,2,0,25,60,657,113
2014-07-27,201431,15,221,42,39,35,22,32,49,116,543,199,100,120,352,43,193,170,262,86,526,56,1,1,29,55,653,104
2014-08-03,201432,17,247,60,23,36,24,28,52,112,515,177,76,133,408,22,176,132,222,78,395,57,1,0,31,40,557,57
2014-08-10,201433,15,295,52,51,33,12,28,47,99,458,185,77,121,343,31,147,130,196,96,348,55,1,0,20,60,685,56
2014-08-17,201434,13,527,51,31,33,8,29,42,116,409,144,74,110,332,33,167,127,202,90,316,66,0,1,16,51,594,24
2014-08-24,201435,13,922,42,13,55,4,24,34,68,338,116,58,83,297,24,150,110,203,96,333,58,1,0,15,44,449,20
2014-08-31,201436,17,1308,48,36,52,14,20,33,81,291,132,68,116,264,36,147,135,178,107,337,67,4,0,18,55,394,21
2014-09-07,201437,4,1760,52,29,39,15,16,35,56,272,126,54,80,227,28,130,159,203,86,331,45,1,1,23,91,508,20
2014-09-14,201438,18,1732,48,35,39,48,17,38,65,274,89,56,85,219,21,111,146,172,100,362,37,0,0,16,80,495,10
2014-09-21,201439,13,1791,38,30,58,45,24,19,56,244,119,50,102,203,23,168,139,209,95,318,50,4,0,30,49,478,16
2014-09-28,201440,25,2068,47,20,63,79,36,14,39,237,125,65,88,195,19,151,148,157,112,356,71,4,0,15,68,520,11
2014-10-05,201441,19,1802,23,31,109,90,33,12,39,195,133,60,95,158,36,145,146,126,89,373,72,5,1,35,77,616,16
2014-10-12,201442,24,1917,23,13,64,104,27,21,33,186,125,64,108,176,23,140,145,128,89,399,56,7,0,41,59,568,15
2014-10-19,201443,26,1711,35,18,40,115,39,12,38,174,117,58,128,178,22,128,156,93,95,433,91,0,0,46,72,606,8
2014-10-26,201444,51,1381,54,17,54,119,30,19,36,129,105,43,115,123,14,106,162,131,87,494,66,5,0,43,59,640,13
2014-11-02,201445,65,1291,58,15,72,95,38,23,44,172,181,69,156,130,20,116,217,155,72,582,71,0,0,36,62,615,11
2014-11-09,201446,108,1349,55,21,47,80,32,24,41,189,142,43,153,131,23,107,185,166,80,587,56,4,0,33,67,676,24
2014-11-16,201447,66,1352,46,19,49,48,39,24,48,222,127,34,163,128,23,114,234,126,69,735,84,4,1,44,84,962,16
2014-11-23,201448,54,1287,53,10,48,36,50,26,37,205,118,38,150,120,62,90,188,149,67,702,85,2,1,32,99,747,11
2014-11-30,201449,53,1048,58,30,61,32,52,47,27,231,142,63,180,85,36,132,264,136,76,949,60,0,0,47,107,893,26
2014-12-07,201450,34,914,81,15,54,33,55,63,34,266,139,49,214,94,26,102,212,134,102,1160,82,1,1,60,84,968,18
2014-12-14,201451,35,665,62,19,37,16,55,56,22,261,143,41,201,80,24,91,202,118,148,1212,89,0,2,39,87,1043,18
2014-12-21,201452,25,506,55,17,30,19,48,54,23,196,138,27,135,76,37,81,177,80,113,1458,64,3,1,50,53,812,27
2014-12-28,201453,30,379,65,10,37,44,40,63,20,228,110,31,260,66,57,92,308,122,169,2351,80,2,6,70,69,1111,70
2015-01-04,201501,48,574,73,16,70,91,80,66,54,350,287,59,435,148,68,172,643,235,439,4922,198,11,0,186,152,2233,62
2015-01-11,201502,36,619,70,30,70,74,67,130,37,371,350,45,543,188,68,153,1044,248,547,7360,269,16,1,296,149,2643,59
2015-01-18,201503,32,610,127,27,83,102,77,182,52,451,433,71,607,217,73,270,1317,201,845,13278,448,34,11,410,222,3794,74
2015-01-25,201504,32,430,76,18,103,112,94,119,56,531,405,91,669,273,67,359,1526,178,756,18581,568,82,5,485,209,4277,122
2015-02-01,201505,60,448,140,16,134,171,110,101,86,653,491,109,832,333,71,483,2028,198,825,24696,758,126,3,546,253,4788,157
2015-02-08,201506,38,339,86,14,119,87,163,128,88,567,546,121,794,246,93,513,1940,123,777,26487,737,170,9,599,221,4374,141
2015-02-15,201507,52,299,116,6,182,161,175,171,97,629,679,160,1101,257,109,700,2330,158,912,32130,850,161,11,801,282,4853,179
2015-02-22,201508,49,276,95,13,211,140,197,266,155,759,867,263,1537,226,133,1150,3053,161,1191,40325,1215,194,15,853,316,5665,177
2015-03-01,201509,64,235,136,10,255,270,288,390,252,1174,1124,365,2599,302,168,1440,4430,205,1863,52604,1862,232,28,880,373,6952,242
2015-03-08,201510,83,189,150,22,331,185,301,505,298,1490,1318,522,3319,358,192,1797,5737,291,2247,60261,2501,293,93,992,468,7313,255
2015-03-15,201511,59,201,146,18,305,178,347,567,460,1415,1400,601,4121,441,277,2495,6963,326,2793,63682,3095,363,135,1268,522,7855,283
2015-03-22,201512,47,160,116,19,283,104,384,466,604,1565,1588,665,4369,419,219,3121,7394,366,2453,54823,3468,374,155,1416,457,6849,315
2015-03-29,201513,59,96,93,16,202,128,296,501,510,1618,1368,674,4675,414,184,2677,9409,348,2553,47711,3643,334,179,1316,570,6970,341
2015-04-05,201514,76,81,119,37,265,148,332,453,552,2262,1977,907,5274,528,281,2618,13179,448,3435,54018,4325,393,250,1622,619,8195,532
2015-04-12,201515,48,60,120,17,256,84,329,425,625,2539,1588,935,5525,710,246,2446,13681,573,3610,47792,3526,343,168,1345,737,5660,644
2015-04-19,201516,67,64,102,22,229,73,277,361,496,3154,1339,1004,5572,680,182,2101,15572,705,3417,44101,3082,287,130,1363,753,7150,718
2015-04-26,201517,57,68,92,29,221,71,301,290,433,3035,1067,991,4783,699,110,1940,17565,871,3962,39129,2999,226,109,1405,770,8711,759
2015-05-03,201518,54,54,87,15,243,77,312,260,417,3691,868,1379,4570,885,146,2321,15847,981,3866,29205,2244,209,108,1090,871,8963,840
2015-05-10,201519,45,44,75,28,219,89,251,218,404,4379,724,1413,3553,853,108,2041,13381,1015,3852,19806,1400,146,45,755,876,8224,607
2015-05-17,201520,39,50,87,20,204,51,292,174,391,4295,581,1432,2957,827,78,1741,9851,917,3148,13626,1051,116,36,586,751,7248,562
2015-05-24,201521,33,39,64,18,159,48,229,151,233,3614,439,1211,2152,776,86,1772,6640,934,2538,9425,958,76,30,520,719,6074,444
2015-05-31,201522,36,48,101,24,157,46,164,134,196,3241,315,1055,1835,675,47,1434,4851,812,2270,6805,774,48,13,408,506,4690,427
2015-06-07,201523,31,29,71,47,142,51,211,124,182,3047,249,728,1713,708,34,1276,4365,958,1984,4871,584,36,17,372,504,4406,376
2015-06-14,201524,28,50,35,41,146,38,187,101,134,2957,192,511,1295,701,33,1136,3269,856,1752,3879,459,24,10,332,518,3728,319
2015-06-21,201525,25,27,31,25,102,32,145,61,74,2325,142,466,927,671,21,829,2063,682,1201,2389,227,18,6,196,365,2487,206
2015-06-28,201526,24,19,40,20,99,48,116,64,75,1880,146,475,760,636,31,946,1300,756,1009,1454,175,10,5,125,334,1766,103
2015-07-05,201527,18,21,39,27,98,32,94,59,69,1582,107,476,723,608,35,1113,1028,720,918,799,113,7,1,103,292,1146,70
2015-07-12,201528,18,13,55,43,95,31,94,38,38,1242,97,468,606,566,23,1179,728,602,823,850,87,7,2,83,201,1018,79
2015-07-19,201529,8,13,71,43,98,27,75,54,47,1045,91,380,512,498,32,1005,622,623,793,924,121,10,4,112,222,1026,82
2015-07-26,201530,10,9,42,41,112,36,83,29,37,925,111,260,450,430,27,973,448,635,701,652,102,4,4,95,192,789,42
2015-08-02,201531,16,10,48,42,129,35,73,46,29,885,80,231,508,353,30,808,363,683,694,515,90,4,3,92,192,663,37
2015-08-09,201532,10,12,38,41,139,33,73,37,46,821,65,182,578,329,170,697,309,653,655,565,109,2,4,81,267,605,32
2015-08-16,201533,18,14,36,42,122,33,57,41,29,683,63,169,520,343,206,576,271,517,492,451,74,7,10,79,260,544,35
2015-08-23,201534,9,10,38,41,110,34,42,33,27,529,42,133,526,323,179,542,218,549,439,367,61,5,3,92,183,436,23
2015-08-30,201535,11,7,30,39,104,36,49,28,17,460,40,103,899,407,175,546,215,491,385,298,53,4,4,87,196,380,20
2015-09-06,201536,20,18,49,34,145,35,21,36,30,395,51,107,849,367,310,568,195,561,365,309,51,1,2,94,187,417,18
2015-09-13,201537,11,14,48,34,98,21,32,34,21,325,45,95,907,350,355,521,282,692,332,374,48,7,4,85,169,427,23
2015-09-20,201538,21,13,30,26,106,19,46,50,14,260,52,92,737,391,433,446,254,585,361,394,66,6,3,106,182,411,10
2015-09-27,201539,26,12,52,10,104,24,34,35,22,241,47,55,1021,441,305,442,255,660,364,418,74,0,3,125,201,425,35
2015-10-04,201540,33,10,48,17,102,32,35,36,21,173,68,60,1025,445,262,395,277,845,345,412,56,5,1,113,187,437,34
2015-10-11,201541,31,21,31,5,101,16,42,32,23,150,46,44,993,508,222,385,285,747,340,469,79,4,1,142,228,578,15
2015-10-18,201542,30,16,22,9,94,14,53,68,18,122,73,48,1264,688,265,352,351,874,380,489,70,0,5,197,237,564,13
2015-10-25,201543,44,18,27,4,70,23,35,48,25,109,51,51,1740,690,230,348,384,879,351,519,75,7,3,279,235,558,20
2015-11-01,201544,36,12,30,4,106,22,61,64,10,117,64,70,2979,751,301,462,514,928,506,655,122,10,0,356,288,756,20
2015-11-08,201545,45,18,26,2,111,41,75,42,24,141,63,72,3603,1202,504,563,697,954,647,828,147,7,6,553,384,870,50
2015-11-15,201546,57,20,35,2,85,25,102,58,20,145,106,147,4203,1297,441,545,1004,889,766,1004,221,11,4,711,491,999,40
2015-11-22,201547,62,16,30,3,159,7,121,88,31,149,98,232,3568,825,595,719,1327,1120,983,1257,281,11,11,1008,713,1013,51
2015-11-29,201548,97,31,48,3,189,19,200,171,36,185,164,475,4702,863,438,1056,1851,1313,1409,1560,323,14,11,1525,1087,1446,78
2015-12-06,201549,81,51,64,11,240,18,227,160,27,194,186,834,4566,851,293,1234,2611,1761,1882,2050,456,21,13,1604,1120,1697,104
2015-12-13,201550,111,36,84,5,176,15,210,121,30,175,192,738,4185,726,161,1044,3129,1683,2204,2410,603,12,23,1754,805,1715,166
2015-12-20,201551,117,20,89,3,106,10,198,104,30,122,207,828,2909,486,77,857,3759,1490,2067,2759,628,34,14,1655,690,1842,160
2015-12-27,201552,189,27,40,2,144,11,229,89,37,104,228,673,2290,461,59,1041,5751,1783,2443,3967,776,43,31,1967,928,2108,228
2016-01-03,201601,336,30,54,6,218,26,352,264,51,235,475,849,4103,589,75,1354,10576,2701,4208,5761,1338,69,40,3352,1418,3410,536
2016-01-10,201602,417,61,96,1,340,18,411,567,64,256,687,932,4147,649,79,1766,12775,2305,3819,7080,1928,60,26,4041,1498,3951,529
2016-01-17,201603,607,105,142,4,374,38,369,699,72,323,1029,1195,4212,604,110,1757,14330,2435,4251,8508,2900,106,40,4553,1498,4456,646
2016-01-24,201604,478,161,175,3,439,44,464,938,96,472,1690,1428,4512,607,131,2382,17209,2378,3911,10179,2889,132,48,4065,1446,5044,629
2016-01-31,201605,425,228,174,0,443,33,463,828,130,509,2580,1269,4535,626,224,3209,21598,2483,3652,10465,3317,174,53,3899,1671,6464,1044
2016-02-07,201606,530,220,171,8,467,75,502,1286,115,542,3701,1404,5392,780,285,4425,26548,2718,4022,12595,3919,308,60,3691,1731,6686,1405
2016-02-14,201607,632,170,294,4,688,86,611,1380,121,834,5232,2084,4801,822,405,6432,38014,2739,4707,13029,4153,362,105,3497,1746,8719,1379
2016-02-21,201608,593,141,241,4,567,71,489,1233,106,890,5174,1881,4325,828,200,6444,42453,2518,4078,12514,4594,378,156,2902,1255,8448,1097
2016-02-28,201609,541,122,364,7,522,97,399,1915,151,876,5768,2307,3702,853,199,5691,39561,2548,3904,12205,4736,551,210,2656,1069,8082,1106
2016-03-06,201610,391,85,278,15,464,136,371,1739,120,965,4958,2415,2909,879,130,5365,38327,2452,3982,11598,4332,485,258,2203,846,7361,1200
2016-03-13,201611,295,50,199,8,417,82,254,1248,150,1007,4355,2204,2163,689,111,3933,37078,2031,4313,11558,3874,351,245,1745,636,6872,1180
2016-03-20,201612,261,71,285,12,340,60,214,1146,144,1157,3053,1905,1873,850,106,3590,31468,1692,4544,10572,4356,376,312,1662,538,5921,1037
2016-03-27,201613,270,61,393,9,417,96,244,1380,236,1494,2435,1962,1424,894,103,3208,34344,2078,5216,10430,4069,354,252,1630,496,6423,969
2016-04-03,201614,249,66,373,3,448,83,227,1278,386,1740,2082,1785,1448,710,99,2587,35626,1714,4935,9476,4018,269,252,1270,371,5937,949
2016-04-10,201615,204,58,437,1,475,64,234,1219,468,1931,2023,1673,998,628,112,1990,30729,1477,4995,8135,3635,295,256,1221,352,5446,919
2016-04-17,201616,130,46,390,1,349,54,210,1666,391,2581,1457,1177,789,661,90,1534,24494,1213,3886,6995,2981,280,277,848,223,4097,722
2016-04-24,201617,77,28,410,2,284,56,222,1314,301,2977,1245,1020,631,523,46,1174,20812,849,3536,5509,1677,236,203,533,181,3466,630
2016-05-01,201618,73,31,250,3,309,48,237,817,267,2873,1001,1104,545,581,40,1083,15119,566,2309,3492,837,84,104,288,186,2916,573
2016-05-08,201619,72,23,224,3,304,54,217,353,286,2501,938,947,497,550,32,953,9565,425,2068,2253,559,38,53,175,131,2590,487
2016-05-15,201620,55,16,225,1,181,36,145,484,218,2595,1018,1043,542,432,38,671,6561,366,1442,1722,354,27,32,112,86,2057,350
2016-05-22,201621,40,16,168,0,132,33,104,354,125,2433,707,780,408,356,39,434,3787,193,951,1113,215,14,23,77,80,1498,262
2016-05-29,201622,32,20,146,2,136,24,116,174,116,2091,656,703,368,321,26,441,2606,263,828,741,137,9,10,79,101,1224,267
2016-06-05,201623,32,10,192,4,104,19,90,120,101,1872,630,616,402,319,28,388,1547,173,683,448,67,6,5,42,79,1123,214
2016-06-12,201624,19,19,174,1,113,20,50,103,105,1827,443,520,369,327,21,283,984,126,370,394,79,2,4,22,59,868,146
2016-06-19,201625,22,17,157,3,104,21,42,82,122,1355,422,432,293,305,21,197,611,101,285,291,69,2,4,32,57,752,90
2016-06-26,201626,23,16,108,3,116,13,31,68,107,1262,351,337,274,269,22,210,392,104,284,262,72,5,4,38,52,516,73
2016-07-03,201627,18,19,116,3,96,17,34,83,76,1282,260,266,247,200,37,193,315,98,280,200,52,5,3,22,47,482,64
2016-07-10,201628,26,16,85,4,107,16,34,33,52,986,281,190,306,240,38,232,247,112,257,201,55,6,1,17,51,425,49
2016-07-17,201629,24,12,88,5,75,14,26,23,30,999,249,175,200,160,32,209,178,80,200,134,29,4,5,15,35,355,49
2016-07-24,201630,15,9,75,4,68,19,24,40,40,848,136,107,201,193,41,176,147,71,172,151,37,9,4,16,31,356,22
2016-07-31,201631,5,15,47,11,81,21,18,59,43,753,96,66,218,151,45,177,139,73,142,135,32,6,5,24,57,336,25
2016-08-07,201632,7,4,41,3,79,23,12,46,31,599,143,60,242,137,42,156,136,74,105,131,31,4,4,24,51,357,16
2016-08-14,201633,7,13,51,8,74,38,26,41,34,637,117,59,223,118,39,141,174,82,125,117,26,3,1,28,77,378,25
2016-08-21,201634,3,8,49,10,67,18,13,33,38,524,137,46,191,100,38,143,148,71,85,130,29,2,2,22,48,344,16
2016-08-28,201635,6,15,24,7,63,15,17,27,26,319,108,44,159,103,33,132,120,82,87,120,28,4,5,18,36,370,20
2016-09-04,201636,13,10,37,4,59,15,10,31,14,308,96,28,137,103,18,140,151,74,82,121,19,5,0,19,59,309,17
2016-09-11,201637,8,7,34,7,80,23,18,28,18,306,77,28,145,65,29,145,177,102,114,129,36,3,1,23,54,362,20
2016-09-18,201638,9,8,51,3,51,34,12,15,21,312,75,24,131,100,28,122,144,64,98,119,31,1,0,27,83,417,16
2016-09-25,201639,12,6,40,2,48,38,14,8,20,271,55,17,118,71,18,104,147,47,63,149,42,4,5,25,65,395,28
2016-10-02,201640,5,9,39,3,57,28,18,4,25,280,52,9,145,40,31,148,122,65,74,131,42,2,8,26,69,403,14
2016-10-09,201641,14,14,33,6,88,21,14,12,24,243,56,14,112,52,14,129,167,81,68,197,65,4,2,26,55,495,9
2016-10-16,201642,14,10,49,4,52,14,12,36,23,227,39,17,115,50,24,192,203,106,110,241,68,7,6,39,62,524,25
2016-10-23,201643,16,11,37,2,58,7,27,21,12,214,50,29,123,43,36,227,209,57,120,189,57,8,5,17,77,526,17
2016-10-30,201644,26,14,42,2,59,10,31,27,15,290,37,19,136,47,22,164,244,82,107,235,85,6,1,20,82,510,31
2016-11-06,201645,24,18,41,3,53,13,29,46,10,367,44,19,111,30,16,194,217,102,126,278,72,7,7,25,75,557,17
2016-11-13,201646,49,13,54,4,84,8,37,36,17,463,60,15,115,37,16,164,294,133,136,270,65,5,9,26,114,610,23
2016-11-20,201647,76,18,46,0,56,9,41,44,20,426,59,17,119,24,12,205,337,161,199,252,103,9,4,22,112,700,28
2016-11-27,201648,143,19,51,0,59,9,51,26,19,439,70,13,98,31,11,245,346,259,232,262,79,6,6,38,161,763,25
2016-12-04,201649,129,25,54,1,91,5,45,93,16,303,65,16,113,47,29,252,421,212,278,253,80,9,16,43,148,778,39
2016-12-11,201650,139,29,45,3,115,7,44,51,18,232,52,11,108,21,24,255,365,203,217,213,81,9,13,36,182,847,33
2016-12-18,201651,96,28,43,6,123,13,24,42,23,157,54,23,86,29,19,339,410,202,236,249,66,7,14,42,152,715,33
2016-12-25,201652,103,30,35,1,80,8,54,48,16,182,70,13,90,37,9,358,476,222,211,254,66,12,12,39,198,761,38
2017-01-01,201701,129,49,100,4,180,27,100,66,29,323,117,41,113,18,19,429,859,277,314,186,77,9,17,50,295,1081,50
2017-01-08,201702,130,58,98,2,231,37,119,93,26,410,127,36,125,42,18,405,1114,259,344,234,78,12,14,55,247,1022,43
2017-01-15,201703,144,80,134,4,369,39,130,109,42,589,101,46,115,45,13,519,1144,298,408,220,97,6,8,70,272,1290,51
2017-01-22,201704,124,85,131,1,788,35,171,104,43,644,121,37,119,38,29,445,1110,266,417,214,95,6,6,61,278,1530,61
2017-01-29,201705,142,79,214,2,901,53,184,252,44,802,121,57,112,34,11,460,997,187,415,272,68,3,6,87,304,1698,98
2017-02-05,201706,113,66,205,2,455,65,181,312,41,956,86,59,113,40,7,444,1113,156,407,259,80,4,5,76,405,1672,67
2017-02-12,201707,139,64,136,4,494,32,240,590,50,1181,129,68,127,37,12,374,1249,192,404,282,82,5,7,65,392,1761,64
2017-02-19,201708,123,35,76,4,349,37,173,625,88,1060,196,63,99,28,10,355,979,192,264,297,79,2,1,57,369,1497,48
2017-02-26,201709,105,49,104,1,400,52,214,490,73,1148,271,94,110,39,9,335,1090,327,338,246,59,9,7,52,360,1738,76
2017-03-05,201710,125,66,110,2,414,64,175,373,132,1451,366,78,154,55,11,296,1286,352,358,272,49,8,1,52,456,2202,113
2017-03-12,201711,81,52,121,10,398,39,211,291,120,1620,279,103,153,40,10,268,1182,329,382,256,72,7,2,54,379,2327,130
2017-03-19,201712,61,39,178,15,295,29,259,309,168,1826,238,107,191,51,24,310,1140,251,385,264,51,3,5,65,488,2383,171
2017-03-26,201713,51,36,137,10,192,22,192,243,155,2484,204,103,143,70,29,310,1045,204,338,241,40,4,6,57,441,1937,155
2017-04-02,201714,42,44,150,6,178,30,207,217,181,2956,263,73,152,64,18,319,943,211,314,236,34,4,3,66,342,2409,155
2017-04-09,201715,47,45,156,9,128,29,205,230,210,3363,241,83,139,48,18,272,817,176,282,224,44,2,1,47,330,2295,157
2017-04-16,201716,26,27,102,10,95,19,226,250,236,2955,240,79,277,86,23,259,907,201,364,236,36,5,3,41,268,2574,147
2017-04-23,201717,22,13,84,8,77,21,174,211,232,2798,185,81,202,113,16,216,764,172,349,161,26,9,3,32,244,2650,160
2017-04-30,201718,29,30,85,12,132,28,210,221,244,1858,200,69,255,79,22,202,821,212,325,175,34,4,4,34,188,3083,195
2017-05-07,201719,20,21,52,12,116,23,187,227,307,1762,206,71,277,131,20,236,678,202,259,144,32,4,2,34,228,2962,191
2017-05-14,201720,21,18,66,8,104,20,187,220,418,1527,139,95,328,125,20,205,593,139,268,142,31,2,1,34,226,2718,207
2017-05-21,201721,13,21,60,15,62,35,171,127,364,1093,101,82,241,80,10,194,532,146,187,120,31,3,4,32,174,2465,244
2017-05-28,201722,20,23,48,11,53,17,119,133,244,998,148,97,253,142,13,181,530,156,252,144,19,4,1,25,173,2585,236
2017-06-04,201723,13,18,48,13,58,14,105,136,219,830,149,75,340,145,18,152,407,119,237,89,23,2,0,21,129,2063,191
2017-06-11,201724,17,15,48,10,45,6,68,113,228,573,177,84,303,155,10,131,307,86,156,92,25,1,1,20,114,1592,173
2017-06-18,201725,18,4,54,6,59,7,63,115,189,466,145,87,231,78,8,136,296,127,173,80,12,4,0,29,105,1455,123
2017-06-25,201726,9,14,39,12,59,5,51,73,132,456,100,80,185,99,8,140,240,96,153,90,17,1,1,20,117,1155,115
2017-07-02,201727,12,16,44,6,55,0,32,58,151,405,101,66,181,69,3,149,146,54,154,66,19,1,0,15,70,754,56
2017-07-09,201728,6,17,44,10,43,4,27,72,123,289,98,72,205,69,9,144,134,49,133,78,12,1,3,19,73,660,34
2017-07-16,201729,11,10,43,10,43,7,29,72,91,216,131,85,148,70,8,88,138,62,104,65,10,0,2,7,59,506,31
2017-07-23,201730,12,12,62,7,44,5,31,37,63,259,98,92,129,54,2,90,107,67,99,55,10,3,2,20,69,393,24
2017-07-30,201731,10,11,42,7,48,10,44,70,65,181,127,108,190,60,10,90,107,85,94,66,21,0,2,19,60,424,18
2017-08-06,201732,12,10,67,2,54,5,22,63,52,172,172,93,158,55,7,111,110,55,78,87,17,2,0,20,70,383,26
2017-08-13,201733,12,10,53,8,53,4,27,42,39,141,159,131,136,43,9,99,123,55,81,75,17,0,0,15,82,378,41
2017-08-20,201734,11,11,49,3,57,2,13,54,63,105,142,93,154,54,5,91,109,50,71,100,27,1,0,16,65,344,25
2017-08-27,201735,10,11,67,1,29,2,15,38,64,85,121,77,134,36,8,97,101,52,74,118,27,2,2,19,49,371,21
2017-09-03,201736,13,6,68,4,33,4,11,39,38,91,116,55,120,49,17,54,114,30,69,113,35,1,0,19,43,285,27
2017-09-10,201737,12,16,79,4,35,4,18,36,28,101,130,93,118,31,10,62,138,52,69,153,53,4,3,30,45,377,38
2017-09-17,201738,12,3,53,3,34,8,14,21,23,74,129,74,92,36,15,77,117,50,89,202,55,1,3,37,47,372,24
2017-09-24,201739,10,11,62,0,50,8,10,24,17,62,72,67,112,33,10,82,117,41,73,193,44,3,1,24,46,365,24
2017-10-01,201740,11,21,48,3,36,5,20,23,20,67,93,70,91,30,16,74,147,48,109,222,36,2,3,24,53,415,27
2017-10-08,201741,7,25,30,3,51,9,13,17,20,63,85,81,94,37,10,59,131,50,101,232,38,5,2,34,47,451,33
2017-10-15,201742,6,38,24,3,48,5,22,23,17,62,110,72,96,30,5,98,173,48,111,220,51,2,5,46,83,591,20
2017-10-22,201743,10,23,17,0,44,4,27,22,11,47,94,43,94,30,6,80,139,51,93,216,35,4,3,38,56,416,23
2017-10-29,201744,12,31,25,2,40,6,19,26,14,73,108,92,69,24,10,67,142,38,81,208,31,3,4,64,57,345,25
2017-11-05,201745,12,41,39,3,54,6,14,41,15,78,131,72,85,38,10,59,128,52,110,235,46,3,2,66,73,480,36
2017-11-12,201746,26,55,25,1,43,0,22,30,12,65,90,84,75,31,10,76,164,41,135,227,48,4,2,85,76,531,35
2017-11-19,201747,25,66,42,1,37,3,29,26,13,74,73,65,76,33,7,60,164,56,115,198,49,2,3,74,89,453,28
2017-11-26,201748,16,69,39,1,47,8,38,22,14,48,74,63,92,44,7,78,183,62,132,246,53,4,5,110,101,397,22
2017-12-03,201749,22,99,31,2,39,5,24,22,24,57,95,73,97,33,2,83,199,70,167,235,56,2,6,79,130,475,32
2017-12-10,201750,21,85,25,0,63,5,26,30,26,62,103,85,120,23,4,75,277,94,151,228,52,4,3,108,94,452,43
2017-12-17,201751,27,80,27,1,28,5,23,41,28,71,59,48,85,8,3,77,257,83,137,191,37,5,4,80,154,440,43
2017-12-24,201752,18,78,43,1,37,5,21,35,23,47,71,41,62,8,3,72,223,79,137,183,27,0,1,53,175,519,32
2017-12-31,201801,19,103,51,0,49,6,30,47,40,50,75,58,123,32,3,93,330,79,189,219,33,4,4,93,311,1186,45
2018-01-07,201802,32,108,46,0,52,13,37,71,37,49,87,56,114,54,2,114,391,98,228,285,40,2,4,101,309,1608,50
2018-01-14,201803,22,116,73,0,68,23,54,43,64,68,94,52,101,34,1,173,499,103,353,315,35,5,5,129,268,1987,62
2018-01-21,201804,14,111,67,1,55,18,49,39,60,71,81,43,95,30,2,146,553,97,303,298,34,7,4,116,360,2228,43
2018-01-28,201805,29,98,60,0,67,22,49,28,46,111,109,97,127,21,2,139,512,89,415,332,64,3,8,91,421,2717,48
2018-02-04,201806,16,107,50,0,102,21,40,46,37,110,143,93,115,51,2,116,503,109,348,280,48,3,7,74,385,2305,60
2018-02-11,201807,24,122,75,0,114,22,33,61,58,108,187,114,156,31,1,161,602,137,382,329,31,4,4,76,301,2578,56
2018-02-18,201808,10,82,72,0,136,16,38,43,44,95,229,105,209,34,6,191,577,112,466,359,36,9,5,92,261,3134,42
2018-02-25,201809,12,94,92,0,153,27,52,63,59,149,308,132,220,28,3,266,734,188,493,393,26,6,3,77,337,3575,52
2018-03-04,201810,7,91,65,1,201,27,66,42,60,129,392,128,261,33,0,270,903,219,605,448,27,4,5,85,278,4037,52
2018-03-11,201811,13,89,72,1,211,32,58,57,76,162,543,157,288,36,7,246,1000,247,698,497,25,7,6,73,294,3867,58
2018-03-18,201812,17,86,73,0,147,32,74,61,50,147,520,185,335,31,6,208,1132,283,696,462,30,0,3,91,281,3817,50
2018-03-25,201813,13,81,82,0,113,24,67,49,42,172,546,185,328,16,4,215,1229,229,678,455,43,2,3,71,161,3755,57
2018-04-01,201814,18,83,88,0,204,44,110,102,33,222,798,374,466,43,2,344,1601,337,891,585,57,5,2,72,238,4251,69
2018-04-08,201815,11,69,76,1,161,33,108,77,43,260,1003,343,476,44,9,464,2118,378,831,573,73,7,6,77,238,4201,78
2018-04-15,201816,14,80,65,0,129,35,92,134,54,207,1152,555,509,50,8,504,1871,320,609,607,57,8,1,84,179,4096,67
2018-04-22,201817,12,56,55,0,98,26,97,107,67,126,1163,599,426,44,4,473,1393,285,502,494,59,13,5,62,145,2989,56
2018-04-29,201818,27,77,53,1,134,20,95,129,77,111,1185,643,355,52,11,485,1347,291,488,603,56,8,3,92,187,4003,58
2018-05-06,201819,11,77,52,0,122,22,106,111,76,94,1065,683,366,60,10,439,1199,357,480,592,57,5,2,83,175,3923,99
2018-05-13,201820,9,50,54,0,121,13,84,121,62,100,983,668,320,90,12,366,1035,287,455,488,40,9,0,63,134,3316,78
2018-05-20,201821,10,91,40,1,74,8,45,111,47,83,1008,594,293,78,8,272,674,319,306,395,29,5,1,43,104,2338,41
2018-05-27,201822,12,60,27,2,51,11,53,71,91,75,863,491,281,65,5,265,457,223,271,293,9,2,3,30,101,1820,52
2018-06-03,201823,9,48,48,0,66,13,35,38,59,81,957,453,277,77,9,234,444,275,229,289,13,3,1,47,91,1699,38
2018-06-10,201824,5,46,53,2,66,11,27,34,51,90,1003,454,282,90,4,227,424,237,245,258,16,3,2,19,86,1524,48
2018-06-17,201825,4,41,47,1,38,6,21,23,46,93,843,377,211,53,4,150,287,257,210,241,12,1,0,37,71,1327,46
2018-06-24,201826,6,32,27,3,32,4,21,18,34,102,684,272,221,45,1,131,254,275,223,208,30,3,0,53,58,843,41
2018-07-01,201827,6,39,35,2,21,13,21,14,36,97,719,279,191,56,4,148,245,247,263,193,17,0,1,34,71,792,26
2018-07-08,201828,5,47,44,1,34,8,17,14,27,61,646,253,207,32,6,94,194,241,203,162,13,1,1,25,58,625,33
2018-07-15,201829,9,52,45,4,24,7,8,24,25,60,719,263,240,57,8,111,138,194,193,160,8,1,0,19,42,554,25
2018-07-22,201830,5,50,45,1,35,4,8,10,33,61,538,218,200,51,1,117,123,179,159,162,8,2,2,21,39,448,24
2018-07-29,201831,7,49,39,8,40,14,9,22,33,55,513,209,175,53,1,103,132,174,116,165,9,3,2,15,40,526,25
2018-08-05,201832,7,42,29,7,58,14,20,33,26,77,529,194,188,36,4,120,98,165,140,116,9,0,0,14,37,445,14
2018-08-12,201833,3,51,31,3,55,11,14,18,30,52,453,159,188,53,8,114,96,166,99,102,8,0,1,7,40,460,17
2018-08-19,201834,4,46,39,6,64,14,22,15,28,60,397,129,204,49,7,107,131,157,103,123,9,1,0,20,43,477,20
2018-08-26,201835,7,51,40,8,42,12,6,10,22,50,369,119,143,40,1,77,109,113,80,96,10,1,0,18,36,430,18
2018-09-02,201836,5,45,23,1,27,7,14,17,20,54,295,84,140,19,4,75,100,96,64,91,7,2,2,13,32,402,21
2018-09-09,201837,5,124,36,1,30,6,11,23,21,38,292,70,130,38,3,84,103,115,72,108,4,1,2,10,49,415,20
2018-09-16,201838,4,161,34,1,29,8,16,21,19,46,209,65,122,35,3,78,129,128,82,114,12,3,0,12,23,469,25
2018-09-23,201839,7,138,20,6,19,8,16,7,13,35,190,74,117,36,3,87,156,117,57,141,9,1,0,30,25,507,27
2018-09-30,201840,2,167,27,2,32,7,14,12,13,33,201,73,172,28,3,89,160,134,93,139,20,2,3,27,23,639,29
2018-10-07,201841,8,227,20,10,19,10,14,16,7,43,179,82,142,39,9,99,169,144,74,146,15,3,1,23,30,503,31
2018-10-14,201842,17,296,29,6,28,18,23,25,18,29,167,70,165,33,3,103,195,119,93,178,21,0,2,26,41,674,29
2018-10-21,201843,8,329,25,4,11,22,18,12,12,27,139,56,166,30,4,118,187,111,82,213,33,2,4,24,25,704,36
2018-10-28,201844,5,410,22,1,23,9,39,12,13,21,137,61,136,28,5,124,220,111,92,254,21,4,0,47,53,673,50
2018-11-04,201845,7,487,25,3,30,3,60,28,8,25,147,63,188,36,6,124,277,125,100,332,17,5,2,112,84,724,39
2018-11-11,201846,10,415,19,3,37,4,58,6,10,17,141,69,154,35,4,135,283,114,101,366,13,3,3,145,58,792,41
2018-11-18,201847,8,418,24,4,55,8,93,11,11,22,113,70,153,33,5,145,404,154,119,512,19,2,1,293,70,1083,67
2018-11-25,201848,4,432,13,2,62,6,136,11,10,14,131,70,173,36,3,131,466,229,149,571,24,4,5,452,95,1096,74
2018-12-02,201849,4,337,24,4,49,6,174,14,13,26,107,56,177,26,3,128,632,251,183,732,40,4,3,644,127,1301,73
2018-12-09,201850,3,258,24,4,75,5,185,8,23,24,141,34,170,42,1,179,891,333,199,1067,39,5,2,705,133,1444,90
2018-12-16,201851,6,300,35,3,33,7,228,9,28,22,101,58,114,35,2,152,908,325,196,1066,23,4,1,477,94,1128,117
2018-12-23,201852,2,243,31,1,33,7,248,12,16,28,98,37,106,43,3,170,1024,407,201,1508,40,4,4,436,88,1233,107
2018-12-30,201901,10,387,25,5,73,2,394,36,32,53,118,46,109,27,2,399,1838,545,288,2449,45,6,8,415,131,1712,151
2019-01-06,201902,7,358,57,9,108,3,482,43,33,41,125,78,134,64,6,475,2580,649,305,3285,82,6,12,470,186,1973,134
2019-01-13,201903,10,386,57,4,141,3,592,78,48,77,130,80,145,96,4,588,3190,667,323,4913,112,1,10,697,174,1882,166
2019-01-20,201904,8,399,36,10,164,1,596,82,60,73,125,112,167,96,6,740,4683,807,345,7092,158,6,4,923,224,2214,250
2019-01-27,201905,7,281,52,10,175,11,748,47,45,120,107,98,311,101,2,884,5830,849,332,9082,207,9,4,1338,232,2568,410
2019-02-03,201906,9,348,50,3,208,0,864,70,66,137,110,104,387,139,4,989,6700,899,274,11464,304,14,5,1530,220,2896,502
2019-02-10,201907,12,322,59,9,238,4,656,135,51,193,184,166,475,118,8,1343,8149,1054,268,12450,413,9,5,1811,231,3189,531
2019-02-17,201908,12,299,58,8,188,8,693,118,90,220,184,197,422,156,4,1246,9187,987,289,13163,389,9,8,2300,241,3297,708
2019-02-24,201909,16,186,33,6,141,5,602,132,61,181,203,167,328,149,5,1127,10176,957,327,12199,468,22,8,3057,188,2974,739
2019-03-03,201910,4,176,39,17,173,8,518,147,99,243,219,239,420,206,12,1160,11654,1223,476,12818,479,35,25,3468,186,3264,770
2019-03-10,201911,15,203,31,8,211,12,666,169,149,297,352,293,528,191,19,1211,15947,1494,645,15556,870,65,23,4244,284,3965,999
2019-03-17,201912,18,212,41,21,193,9,676,200,201,324,360,310,626,217,11,1495,20511,1863,1003,17859,1254,82,37,4080,274,4738,1410
2019-03-24,201913,9,183,27,12,177,5,628,190,266,447,433,309,722,189,14,1543,23762,2138,1160,20611,1299,109,43,4151,318,4809,1456
2019-03-31,201914,20,143,30,16,166,8,645,251,317,701,722,443,831,287,20,1768,28373,2158,1567,23485,1612,130,61,3485,370,5359,1521
2019-04-07,201915,21,119,24,15,169,5,598,256,304,635,991,611,982,378,35,1707,30686,2032,1592,26853,1869,118,72,4450,327,5348,1493
2019-04-14,201916,25,103,40,9,173,8,523,227,279,586,1157,588,1091,381,31,1966,32519,2039,1897,27345,2328,157,119,3684,350,5137,1398
2019-04-21,201917,15,94,33,8,146,3,520,263,412,593,1190,769,1407,569,41,2344,40199,2430,2033,28934,2553,155,175,3166,409,5710,1932
2019-04-28,201918,18,97,33,9,223,5,503,220,494,703,1523,918,1761,781,89,2965,40035,2663,2335,28729,3044,148,170,3321,393,5765,1964
2019-05-05,201919,11,72,31,13,134,5,428,272,521,738,1430,905,1833,905,104,3254,40460,3227,2782,31058,3412,163,137,3239,435,6067,1982
2019-05-12,201920,16,74,25,20,160,4,383,256,530,755,1508,960,2158,1024,155,3545,35729,2907,2268,29982,3281,174,187,2602,496,6356,2630
2019-05-19,201921,11,54,22,24,135,3,347,291,483,788,1688,867,2187,1198,172,3486,30007,2989,2027,22956,2382,146,107,1759,473,5442,3079
2019-05-26,201922,11,45,29,11,125,2,267,248,434,709,1733,987,1985,1236,169,3414,23145,3787,1598,16154,1815,109,67,1509,401,4692,3427
2019-06-02,201923,22,32,29,11,86,2,155,225,458,651,1629,858,1609,1204,186,3030,15786,3318,1226,12471,1439,82,43,1280,314,3953,2943
2019-06-09,201924,24,44,24,24,98,4,123,175,323,711,1436,746,1341,1109,212,2468,10029,2605,992,9527,1232,76,47,1178,306,3300,2288
2019-06-16,201925,26,36,15,13,74,5,85,150,289,605,1352,545,963,997,259,1827,6140,2381,836,7434,1033,57,51,1040,224,2232,1346
2019-06-23,201926,16,36,16,13,60,2,68,151,257,525,1160,610,1034,949,353,1751,4689,2478,669,6183,937,62,43,733,205,1963,910
2019-06-30,201927,29,31,8,12,53,3,47,116,282,546,1212,583,1028,858,367,1896,3167,2337,656,3610,558,26,24,436,175,1491,651
2019-07-07,201928,31,37,19,6,44,5,31,93,221,508,1183,592,954,1031,372,1854,1671,1703,387,2429,395,21,6,346,122,1193,329
2019-07-14,201929,25,27,10,14,44,0,20,84,204,400,1089,583,807,970,329,1609,1020,1185,260,1695,227,16,9,270,101,1053,247
2019-07-21,201930,41,29,19,19,48,3,21,48,171,368,1015,448,612,794,454,1408,741,1023,201,1509,227,17,6,214,76,793,192
2019-07-28,201931,33,57,8,15,47,1,18,61,115,404,914,445,631,575,389,1305,566,924,187,1181,193,7,8,174,85,703,170
2019-08-04,201932,16,38,11,22,50,2,28,76,88,356,1010,479,664,476,286,1167,423,726,168,887,147,8,3,113,56,612,129
2019-08-11,201933,7,18,10,19,50,5,16,57,55,296,731,409,704,492,247,985,351,589,149,701,121,5,3,133,70,534,122
2019-08-18,201934,9,35,14,10,49,2,18,46,56,260,564,329,809,402,261,891,333,525,94,595,110,9,3,122,76,539,92
2019-08-25,201935,7,49,14,12,66,2,15,67,59,268,502,410,650,376,164,847,283,443,105,478,107,2,7,102,65,492,74
2019-09-01,201936,5,30,11,39,37,2,15,40,38,231,491,324,659,332,179,869,310,363,131,437,94,0,5,64,57,611,99
2019-09-08,201937,4,46,21,40,55,1,14,43,36,186,383,305,685,282,178,769,329,481,105,504,98,4,4,88,50,552,106
2019-09-15,201938,10,36,23,44,69,2,11,49,23,167,374,272,608,272,146,726,302,401,94,546,115,2,7,78,56,608,108
2019-09-22,201939,8,25,51,43,68,2,7,26,25,115,304,208,536,230,105,629,251,257,67,476,123,3,4,87,49,621,134
2019-09-29,201940,10,70,72,51,51,3,17,31,23,113,246,218,621,200,102,551,260,302,102,508,128,4,5,104,55,693,131
2019-10-06,201941,10,114,92,62,77,6,18,34,26,77,266,155,534,175,94,578,243,324,88,584,160,7,2,86,51,540,135
2019-10-13,201942,18,138,114,66,59,4,28,29,22,72,251,107,460,161,73,574,264,279,102,564,215,1,5,112,61,611,115
2019-10-20,201943,20,228,152,54,51,0,42,40,21,75,193,111,422,90,62,572,266,270,97,593,241,3,4,131,84,579,117
2019-10-27,201944,17,266,136,72,54,4,37,40,19,95,130,132,365,83,77,523,249,288,94,739,289,2,3,141,95,658,152
2019-11-03,201945,26,417,190,112,66,4,44,23,22,98,150,94,338,52,55,531,320,337,114,834,455,5,4,196,114,723,103
2019-11-10,201946,29,512,216,110,71,0,52,40,23,84,124,117,345,55,47,498,277,289,104,889,527,5,4,194,137,607,140
2019-11-17,201947,31,583,289,100,70,2,59,20,19,87,118,115,301,56,30,486,381,263,87,1095,789,10,3,244,221,680,128
2019-11-24,201948,41,575,301,96,48,2,69,20,27,97,146,100,270,41,14,427,394,371,120,1321,942,1,6,248,216,661,118
2019-12-01,201949,56,679,342,70,53,1,67,24,26,84,102,91,278,38,22,419,449,425,104,1604,1249,9,5,372,307,814,149
2019-12-08,201950,71,592,381,79,39,1,89,23,30,68,94,101,261,42,20,347,541,546,133,1699,1500,13,8,363,437,904,161
2019-12-15,201951,38,446,295,90,43,2,43,10,16,58,96,95,223,25,16,292,506,575,146,1714,1756,11,7,369,334,695,170
2019-12-22,201952,23,278,232,28,44,3,30,16,12,38,96,76,90,19,14,259,360,500,126,1568,1437,12,4,367,280,565,124
2019-12-29,202001,54,531,297,39,88,2,37,32,14,80,91,93,137,41,7,387,860,786,171,3556,2572,25,7,687,615,941,256
2020-01-05,202002,62,644,387,40,105,1,67,51,19,130,98,108,187,38,12,576,1397,1072,222,5750,4671,26,14,1348,1063,1231,410
2020-01-12,202003,89,629,314,35,153,1,61,128,23,177,157,96,205,48,12,629,1821,1400,242,7914,6622,19,15,2179,1335,1430,629
2020-01-19,202004,120,388,231,39,180,0,73,129,35,210,167,129,220,36,9,761,2083,1587,201,10533,9810,35,8,3211,1664,1732,790
2020-01-26,202005,122,327,227,68,195,3,72,160,39,262,217,155,232,31,5,1016,2330,1514,212,11964,11276,26,17,3315,1959,1741,743
2020-02-02,202006,183,269,206,73,219,1,96,164,49,458,232,164,244,40,9,1238,2890,1804,229,15482,16275,45,28,3600,2030,2230,1083
2020-02-09,202007,149,258,189,35,230,2,99,276,56,552,195,160,274,47,8,1488,3213,1974,248,16085,21082,87,50,3848,1874,2268,1246
2020-02-16,202008,143,195,157,26,156,1,93,223,39,629,168,161,240,45,5,1612,3187,1886,286,12801,18462,117,118,3528,1742,2126,1711
2020-02-23,202009,154,160,169,27,147,2,91,165,61,819,188,188,296,47,18,2217,3485,1746,236,13533,20194,152,166,3695,1550,2336,1999
2020-03-01,202010,187,132,252,21,186,0,123,177,82,898,240,150,347,42,21,2769,4307,1951,225,14096,22757,279,185,3593,1771,3107,2372
2020-03-08,202011,228,132,268,13,193,5,118,132,107,1063,252,160,355,45,21,2770,4625,1982,242,11884,20525,342,191,3262,1768,2938,2508
2020-03-15,202012,176,68,186,1,115,1,67,70,72,660,200,117,231,22,10,1993,3442,1343,148,8473,16565,329,171,2586,1368,2048,2133
2020-03-22,202013,173,53,106,3,101,1,51,60,32,530,73,58,181,22,4,1909,3261,1576,132,8604,15463,535,326,2228,1053,1864,2088
2020-03-29,202014,151,41,100,4,86,2,48,74,43,738,82,62,277,35,12,2684,3795,1691,131,8037,14361,656,507,2065,1096,2212,2311
2020-04-05,202015,155,42,104,1,93,4,53,68,58,901,100,95,297,44,8,3695,4285,1447,113,7486,12593,941,527,1633,1041,2467,3178
2020-04-12,202016,128,54,101,1,86,2,60,85,94,1107,123,122,533,90,13,4802,4614,1389,110,7448,10209,1008,324,1435,1140,2403,3180
2020-04-19,202017,105,49,65,4,84,6,64,69,111,1224,176,181,598,79,19,4751,4465,1188,95,6353,7811,1027,303,1224,1093,2322,2895
2020-04-26,202018,118,100,88,0,95,2,49,46,108,1122,205,170,599,84,32,4702,3688,1090,87,5796,6488,1004,253,1212,1111,2014,3156
2020-05-03,202019,149,128,80,0,108,0,42,42,99,1042,214,175,668,90,37,5105,3286,890,81,5178,5821,1065,228,955,976,1940,2721
2020-05-10,202020,127,173,83,0,62,2,43,29,138,835,233,211,932,77,30,4920,2979,763,65,4055,3999,852,133,707,1023,1779,2232
2020-05-17,202021,114,154,96,2,78,1,35,36,128,814,216,212,798,78,44,4390,2381,682,61,2570,2614,790,103,529,954,1584,1917
2020-05-24,202022,88,125,76,0,63,3,36,20,107,712,239,236,674,71,64,4286,1671,536,40,1938,1734,656,49,401,780,1306,1646
2020-05-31,202023,75,111,60,0,37,0,29,22,82,766,248,211,691,65,92,3967,1461,487,29,1586,1068,419,31,294,668,1392,1265
2020-06-07,202024,63,84,65,1,26,0,37,24,64,645,251,164,616,81,112,3249,1178,412,43,1562,931,289,19,346,641,1367,1013
2020-06-14,202025,71,58,87,2,41,0,33,22,45,767,311,181,649,87,80,2845,1016,348,30,1524,1068,322,24,335,639,1369,813
2020-06-21,202026,69,46,48,2,31,1,33,15,61,735,234,160,631,80,87,2040,795,264,29,1114,702,244,18,288,431,1286,615
2020-06-28,202027,70,46,73,2,22,0,31,12,39,688,287,214,745,81,111,2047,771,240,27,786,509,154,10,219,372,1319,592
2020-07-05,202028,43,30,58,3,12,0,20,14,35,601,244,235,715,106,111,1666,642,207,22,764,470,89,7,202,317,962,497
2020-07-12,202029,42,39,36,4,20,2,34,17,39,598,202,212,638,75,85,1358,502,127,33,691,380,36,4,212,263,651,474
2020-07-19,202030,46,35,38,0,19,1,17,12,28,521,147,209,587,52,106,1022,452,136,40,542,339,28,8,198,264,536,331
2020-07-26,202031,29,34,33,2,16,1,25,5,36,462,140,170,554,42,78,726,385,119,25,511,252,18,9,143,182,529,249
2020-08-02,202032,30,28,29,2,16,0,13,5,25,434,126,152,500,57,80,547,321,126,18,405,188,11,6,103,138,445,197
2020-08-09,202033,24,32,42,1,20,1,12,12,23,379,100,155,475,49,66,475,369,159,20,392,128,9,2,126,144,477,211
2020-08-16,202034,18,17,46,3,20,0,14,11,24,321,89,127,413,38,63,386,294,117,21,293,97,11,7,87,114,344,191
2020-08-23,202035,15,21,50,6,24,2,8,9,18,256,44,121,404,19,45,349,286,98,20,294,111,14,2,124,88,249,173
2020-08-30,202036,13,27,45,2,16,0,10,9,11,210,65,122,369,28,46,321,271,109,21,320,94,3,0,81,109,273,196
2020-09-06,202037,8,21,36,0,13,1,7,7,14,169,56,79,328,29,32,267,296,106,14,331,126,9,8,138,87,284,195
2020-09-13,202038,4,28,37,3,10,1,11,8,17,175,54,93,358,25,40,259,293,116,23,299,124,12,6,101,80,242,160
2020-09-20,202039,14,27,66,2,14,0,7,9,17,136,44,72,370,26,30,227,270,101,26,337,137,8,6,90,75,233,136
2020-09-27,202040,10,27,61,4,13,0,10,10,9,117,50,84,253,22,41,221,264,98,26,316,140,10,3,104,60,253,165
2020-10-04,202041,5,25,77,1,12,1,3,9,4,111,32,107,279,18,28,218,251,83,22,295,153,2,5,81,65,229,140
2020-10-11,202042,12,36,73,1,14,1,6,6,11,100,42,62,236,19,20,183,263,57,17,276,146,11,5,66,53,194,155
2020-10-18,202043,6,48,93,0,16,1,5,2,8,100,32,71,270,21,17,191,250,84,30,296,166,20,8,55,61,204,115
2020-10-25,202044,11,58,91,1,16,0,4,5,9,80,18,70,226,16,9,168,199,78,21,212,135,8,3,51,54,193,125
2020-11-01,202045,12,75,74,1,28,0,3,8,6,93,25,69,239,20,12,161,270,68,25,254,210,10,8,107,83,323,165
2020-11-08,202046,12,120,71,1,24,1,11,1,11,95,33,50,190,17,10,172,289,84,40,306,260,10,9,125,84,242,133
2020-11-15,202047,21,183,87,0,33,2,10,9,17,113,37,62,162,19,8,182,380,81,25,281,477,8,4,222,98,279,140
2020-11-22,202048,30,236,115,2,28,1,8,10,7,80,31,39,147,8,8,207,382,89,22,318,493,21,5,149,96,260,166
2020-11-29,202049,41,300,106,2,40,0,5,4,13,92,33,34,143,19,14,173,416,114,40,316,485,16,5,186,133,331,259
2020-12-06,202050,50,292,163,4,34,2,12,1,11,96,25,46,170,15,10,160,395,121,25,397,619,11,4,196,139,304,227
2020-12-13,202051,55,367,158,0,24,0,14,2,10,87,20,30,145,19,4,148,351,87,15,424,515,18,4,129,115,247,177
2020-12-20,202052,35,329,102,0,15,0,10,6,5,45,16,22,92,10,6,103,226,83,8,342,420,16,2,93,94,158,152
2020-12-27,202053,11,153,17,0,2,0,4,0,0,11,6,8,38,3,1,41,121,31,8,138,204,2,0,38,33,77,50
2021-01-03,202101,70,1173,191,2,55,11,13,38,19,85,28,50,121,13,4,180,426,0,19,1027,572,13,13,200,315,471,246
2021-01-10,202102,72,1118,166,2,67,7,5,69,25,86,33,48,99,16,8,247,497,0,26,1189,611,21,18,250,338,603,222
2021-01-17,202103,86,1317,184,5,100,6,11,67,21,116,28,42,140,16,6,345,520,0,29,1654,771,30,51,266,375,727,214
2021-01-24,202104,72,1143,172,3,97,8,21,59,19,138,31,43,139,9,4,503,499,0,41,2293,771,35,34,320,474,806,226
2021-01-31,202105,89,1147,250,2,85,6,27,54,32,196,45,75,208,14,5,650,663,0,36,3305,866,50,57,439,517,988,281
2021-02-07,202106,77,1013,288,4,87,2,30,42,38,215,28,80,210,10,4,847,625,0,34,4269,950,51,103,555,459,1194,282
2021-02-14,202107,106,1028,325,3,102,1,57,59,42,215,36,103,273,15,5,1149,722,0,38,5185,1177,75,129,574,688,1104,393
2021-02-21,202108,51,954,310,2,90,4,49,37,36,227,37,83,239,14,2,1045,832,0,42,6019,1290,108,182,580,574,1083,344
2021-02-28,202109,88,980,391,2,144,7,45,27,47,307,32,102,371,16,6,1031,1004,0,47,7125,1461,168,295,686,643,1277,444
2021-03-07,202110,48,752,328,0,145,8,69,31,50,332,43,100,491,20,4,1214,1083,0,82,7112,1527,282,334,628,569,1169,394
2021-03-14,202111,61,520,357,2,160,4,53,30,51,301,39,130,422,17,4,1353,1189,0,92,8253,1691,472,381,661,558,1395,395
2021-03-21,202112,53,331,333,4,88,5,64,21,45,341,36,103,404,9,5,1015,947,0,85,8602,1772,617,537,597,498,1463,420
2021-03-28,202113,58,281,354,5,119,3,91,24,49,396,30,117,480,6,7,1299,895,0,145,11533,2334,1140,832,648,518,1638,486
2021-04-04,202114,51,222,304,5,110,6,99,21,70,626,56,175,592,31,9,1361,1066,0,177,12379,2806,1388,1060,708,589,2133,614
2021-04-11,202115,23,187,307,4,138,4,98,22,82,666,83,157,647,26,7,1141,864,0,132,10955,2571,1458,1167,596,611,1920,693
2021-04-18,202116,43,156,266,5,123,6,97,27,104,854,103,206,829,26,7,952,805,0,111,11200,2640,2254,1312,573,617,1857,770
2021-04-25,202117,39,131,264,2,101,3,98,41,100,1084,91,222,1071,30,6,1039,770,0,122,9219,2288,2190,1554,431,613,1976,730
2021-05-02,202118,28,94,225,1,91,5,122,33,107,1290,137,287,1447,41,5,1104,679,0,89,7891,1687,2013,884,332,630,2016,774
2021-05-09,202119,54,104,229,3,93,5,129,25,118,1556,146,319,1819,42,9,1101,703,0,81,6366,1504,1790,590,348,668,1919,826
2021-05-16,202120,40,67,189,2,91,4,149,35,137,1579,169,350,2179,75,10,882,556,0,125,4774,1014,1358,297,224,589,1815,782
2021-05-23,202121,26,70,170,5,91,2,125,20,121,1655,137,460,2077,73,12,631,487,0,85,3772,713,1331,127,155,605,1537,716
2021-05-30,202122,38,42,162,8,78,8,139,20,165,1970,208,553,2396,109,11,614,499,0,106,2973,534,749,59,165,598,1688,748
2021-06-06,202123,28,50,165,7,81,4,149,22,138,2159,133,568,2188,155,12,590,458,0,82,2682,435,631,49,104,565,1414,629
2021-06-13,202124,48,44,148,3,62,4,119,22,139,2080,116,503,1854,198,17,412,351,0,74,1879,340,415,35,92,494,1181,517
2021-06-20,202125,25,20,138,1,49,8,111,16,153,1865,116,563,1752,229,38,284,266,0,62,1229,213,219,18,53,460,1107,405
2021-06-27,202126,25,32,127,0,46,4,98,12,109,1815,120,663,1750,281,33,284,229,0,55,942,133,124,10,42,372,839,353
2021-07-04,202127,17,34,149,5,68,9,76,17,115,1739,123,685,1594,302,29,233,175,0,56,748,131,61,17,40,321,624,239
2021-07-11,202128,19,22,105,2,32,5,92,20,120,1593,99,646,1484,341,35,175,167,0,58,619,121,40,12,33,261,542,211
2021-07-18,202129,13,22,139,5,28,3,85,12,96,1331,98,668,1202,349,38,131,156,0,51,471,79,25,5,38,262,533,177
2021-07-25,202130,10,22,100,0,24,6,63,15,165,1129,94,507,968,346,56,151,125,0,37,351,58,13,4,15,200,446,157
2021-08-01,202131,12,31,109,0,39,1,78,12,153,1083,102,515,942,403,41,118,105,0,33,369,66,18,4,28,138,446,148
2021-08-08,202132,9,26,86,2,41,8,56,8,148,865,112,544,738,292,33,86,149,0,38,339,70,13,5,29,126,360,131
2021-08-15,202133,15,29,60,1,36,4,86,17,120,755,120,548,657,349,24,88,153,0,29,345,93,14,4,28,135,445,110
2021-08-22,202134,6,18,52,2,33,6,56,7,90,532,77,436,677,293,18,86,149,0,38,331,79,20,3,25,129,327,90
2021-08-29,202135,4,33,61,1,23,14,60,13,57,415,59,500,563,311,40,61,122,0,27,276,64,19,3,24,80,362,114
2021-09-05,202136,6,35,55,0,22,11,78,16,53,423,88,519,642,320,31,72,162,0,17,313,74,11,5,25,89,302,117
2021-09-12,202137,5,33,39,1,34,11,69,15,31,361,79,479,542,268,27,68,159,0,25,359,80,11,0,24,106,342,134
2021-09-19,202138,9,48,38,0,24,6,56,13,33,334,61,463,475,273,21,77,162,0,16,320,88,9,6,30,111,330,120
2021-09-26,202139,7,44,31,0,36,11,62,10,32,289,77,426,442,290,18,92,168,0,22,306,49,9,4,20,131,387,143
2021-10-03,202140,7,58,43,1,18,6,50,10,34,191,63,364,385,189,11,44,159,0,14,290,68,7,3,31,115,357,126
2021-10-10,202141,12,62,45,0,23,2,85,14,18,205,76,322,356,210,18,65,146,0,14,330,74,7,5,29,166,376,95
2021-10-17,202142,15,97,69,1,34,3,110,3,6,207,78,303,325,265,20,54,161,0,15,325,61,7,6,33,155,478,120
2021-10-24,202143,15,84,41,2,34,2,139,10,15,209,81,261,310,172,24,74,213,0,11,316,76,17,1,31,216,501,128
2021-10-31,202144,36,81,43,3,62,6,198,17,16,255,94,225,296,182,66,109,234,0,14,380,151,12,4,37,300,642,128
2021-11-07,202145,33,78,78,5,69,1,271,11,19,220,89,199,285,149,86,151,289,0,5,500,150,14,3,39,351,755,174
2021-11-14,202146,82,100,130,4,173,9,475,19,15,178,94,220,279,108,69,160,300,0,24,599,175,14,4,47,465,1165,216
2021-11-21,202147,86,82,120,0,218,3,706,19,11,194,122,204,237,74,59,185,340,0,26,748,228,31,8,59,575,1565,262
2021-11-28,202148,118,164,112,1,389,2,1091,21,37,230,90,186,274,93,75,226,410,0,31,1098,309,47,9,70,805,2047,316
2021-12-05,202149,126,195,134,0,436,5,1361,39,45,266,97,198,224,90,86,241,426,0,28,1436,327,113,16,76,1018,2566,412
2021-12-12,202150,86,229,123,1,255,0,1458,22,38,240,96,188,253,99,79,221,421,0,25,1581,367,158,16,53,896,2159,483
2021-12-19,202151,29,101,83,1,113,0,771,7,3,131,59,142,193,74,28,132,259,0,34,1504,352,102,20,28,622,1029,500
2021-12-26,202152,4,3,6,0,18,0,205,5,0,26,7,30,22,4,0,33,50,0,2,662,178,54,6,5,123,335,232
2022-01-02,202201,253,156,64,1,245,7,1243,35,86,115,53,124,70,65,1,357,585,0,24,1679,111,20,25,65,1061,4349,768
2022-01-09,202202,269,139,71,1,290,9,1169,56,131,101,61,121,78,87,9,404,672,1,30,1814,128,30,37,90,1073,4090,808
2022-01-16,202203,293,181,55,0,274,4,1051,56,142,102,63,161,108,82,3,370,767,0,23,1896,171,21,50,106,1017,4919,954
2022-01-23,202204,255,126,70,0,179,5,1078,39,142,86,49,191,116,72,7,389,776,0,37,1965,180,31,76,137,966,5401,1224
2022-01-30,202205,320,132,87,1,279,4,1114,61,252,170,63,230,138,115,5,554,841,0,53,2765,294,66,117,156,1083,6845,1391
2022-02-06,202206,329,166,94,0,223,10,971,98,332,238,109,265,179,97,13,570,928,0,68,3305,437,167,112,192,1128,7284,1635
2022-02-13,202207,423,126,119,0,217,8,849,103,476,384,119,314,231,109,17,696,1014,0,81,4267,753,322,271,178,1090,6995,1590
2022-02-20,202208,371,105,96,0,163,6,662,98,408,450,178,353,203,98,14,734,1168,0,82,4769,1390,531,625,216,956,6332,1743
2022-02-27,202209,477,157,120,0,242,5,682,177,496,590,263,487,288,135,29,1021,1807,0,133,8348,3011,1598,1603,379,1269,8668,2125
2022-03-06,202210,437,129,126,0,204,8,633,227,819,641,343,505,286,139,12,1148,2268,0,198,11516,5089,3027,3287,483,1281,9365,2586
2022-03-13,202211,476,104,150,1,217,10,630,211,1114,727,502,601,311,124,30,1455,3138,0,228,14381,6569,3716,4445,574,1493,10217,2908
2022-03-20,202212,478,115,138,1,198,5,624,214,1671,774,560,696,418,173,28,1665,4220,0,301,18452,9904,5710,6111,755,1655,11381,3461
2022-03-27,202213,522,69,136,0,165,5,683,221,2131,984,694,806,445,259,42,1819,4880,1,314,21483,11662,6651,6475,867,1759,11007,3916
2022-04-03,202214,470,74,101,0,168,8,740,233,2198,1351,909,746,520,359,69,1940,5489,0,379,24569,12478,7083,6199,939,1773,11106,3911
2022-04-10,202215,514,99,88,1,167,5,731,194,2109,1413,1177,861,580,477,63,1736,6327,0,367,27108,14560,7786,7550,1099,1812,10478,3952
2022-04-17,202216,486,93,110,1,200,4,749,251,2872,1675,1874,1127,769,682,119,1922,6402,0,446,27826,14836,8417,7716,1278,1925,10175,4718
2022-04-24,202217,426,83,78,1,179,3,730,326,2821,1719,2175,1135,831,993,86,1928,6454,0,564,29820,14384,7320,6618,1703,1808,10544,4257
2022-05-01,202218,465,84,94,0,206,4,749,347,2126,2268,2270,1306,1008,1366,140,1935,6889,0,713,33083,16806,8326,5503,2145,1535,9894,3412
2022-05-08,202219,375,90,103,2,204,7,707,311,1925,2622,2253,1573,920,1651,179,1753,5979,0,856,25417,12121,6540,3536,1434,1367,8217,3160
2022-05-15,202220,321,70,83,2,158,5,636,303,1465,2787,2772,1604,754,2138,206,1617,4334,0,706,16388,7652,5271,2874,901,1150,5773,3201
2022-05-22,202221,277,51,80,0,100,7,567,243,1059,2431,2691,1243,635,2159,225,1201,2804,0,624,10403,4560,3489,1447,768,855,4159,2253
2022-05-29,202222,276,58,74,5,101,4,513,288,1192,2618,2877,1385,576,2287,241,1062,2542,0,580,8853,3342,2442,1147,817,756,4064,1821
2022-06-05,202223,214,34,58,0,95,4,407,211,868,2395,2524,1452,588,2038,288,836,2058,0,460,7106,2471,1361,475,653,592,3299,1516
2022-06-12,202224,176,30,66,0,78,6,359,197,833,2133,2082,1245,555,2031,263,620,1415,1,301,4841,1879,971,280,475,394,2582,1171
2022-06-19,202225,196,27,45,1,83,4,288,201,752,1819,1860,1226,514,1987,246,554,1242,0,280,3869,1493,878,190,423,395,2430,1004
2022-06-26,202226,166,24,40,4,90,5,258,178,648,1459,1527,1197,406,1503,214,513,893,0,236,3225,1313,570,193,471,349,1821,739
2022-07-03,202227,151,29,56,1,62,3,215,169,457,1135,1455,1036,338,1603,273,409,694,0,228,2576,1063,421,158,437,278,1389,504
2022-07-10,202228,163,43,47,2,58,7,169,168,352,1013,1383,957,277,1390,234,397,623,0,217,2148,889,308,134,407,228,1265,436
2022-07-17,202229,130,42,42,0,66,4,147,115,223,981,1201,813,327,1163,224,331,497,0,212,1772,798,202,103,308,196,1090,358
2022-07-24,202230,128,33,36,4,60,3,135,112,126,970,1096,738,305,877,268,282,468,0,173,1621,658,161,72,287,149,993,379
2022-07-31,202231,116,28,63,2,57,1,139,93,134,1058,1079,673,314,1035,231,305,403,0,159,1375,449,134,51,320,164,913,340
2022-08-07,202232,97,16,37,1,44,3,96,96,132,761,981,542,348,927,149,309,357,0,148,1066,334,81,44,236,144,928,355
2022-08-14,202233,85,19,36,5,44,2,97,101,78,785,786,518,298,795,156,304,295,0,117,814,294,84,35,212,134,836,331
2022-08-21,202234,62,11,26,1,53,5,80,105,59,694,627,315,273,588,134,284,280,0,103,845,355,75,28,181,125,795,338
2022-08-28,202235,61,8,46,0,43,2,74,66,32,529,519,358,288,454,87,222,239,0,90,742,331,63,19,198,109,944,384
2022-09-04,202236,80,15,58,1,41,2,41,66,41,504,377,292,251,414,98,197,286,0,89,729,316,57,22,168,106,955,426
2022-09-11,202237,67,17,144,0,42,8,66,64,26,420,335,249,219,367,84,188,330,0,93,716,291,59,9,180,103,938,415
2022-09-18,202238,101,15,149,5,46,3,61,75,19,332,291,220,171,351,84,200,311,0,77,653,248,53,17,190,92,955,416
2022-09-25,202239,82,20,245,1,41,3,73,59,14,315,217,192,195,221,73,188,294,0,96,604,241,53,17,229,93,902,485
2022-10-02,202240,81,16,256,1,44,5,55,92,16,247,200,161,193,135,82,231,348,0,100,731,288,24,17,245,97,952,426
2022-10-09,202241,99,31,250,2,60,5,47,58,19,216,162,190,205,133,43,207,417,0,106,684,266,46,8,234,94,921,435
2022-10-16,202242,114,38,196,5,44,4,47,68,17,186,155,142,229,138,38,202,464,1,106,716,366,45,14,276,152,867,469
2022-10-23,202243,104,43,161,2,52,1,55,28,13,132,158,122,162,79,34,168,467,1,104,747,422,25,11,333,127,762,365
2022-10-30,202244,151,35,147,6,26,1,47,58,15,133,107,116,65,79,29,81,357,3,87,749,439,24,14,347,133,649,236
2022-11-06,202245,152,40,129,1,34,3,54,51,21,165,45,119,41,79,13,71,320,7,92,895,563,37,31,362,203,949,319
2022-11-13,202246,202,30,117,3,37,2,74,57,24,161,36,82,24,79,9,61,325,5,77,957,680,46,34,395,199,959,356
2022-11-20,202247,278,20,118,4,30,3,97,45,28,143,44,54,32,62,7,61,405,8,58,1131,777,55,35,444,200,921,401
2022-11-27,202248,299,30,110,2,29,3,83,31,11,142,24,56,34,40,8,63,383,16,50,1361,791,80,58,239,192,923,436
2022-12-04,202249,205,12,87,0,25,2,110,34,4,106,20,67,24,40,8,67,368,13,50,1651,933,131,77,186,166,842,532
2022-12-11,202250,247,12,52,0,7,0,121,16,1,74,18,34,25,22,2,59,367,12,63,2090,1096,136,94,119,173,680,548
2022-12-18,202251,176,13,44,0,14,2,72,8,4,47,5,29,26,21,4,60,253,50,50,1624,939,165,91,43,117,327,439
2022-12-25,202252,302,44,81,1,62,8,54,39,15,65,32,45,39,19,13,194,764,362,109,1321,553,95,43,112,150,527,456
2023-01-01,202301,810,133,198,1,144,12,63,95,58,163,117,98,68,50,50,701,2403,1337,259,2607,440,61,13,531,451,1532,692
2023-01-08,202302,864,127,195,2,186,13,89,78,57,127,106,84,97,55,44,818,3149,1493,288,2811,457,75,37,617,503,1554,699
2023-01-15,202303,836,155,198,4,209,19,185,96,77,170,118,90,85,46,43,851,4424,2253,373,3671,574,98,19,596,657,1785,794
2023-01-22,202304,806,180,214,2,191,28,151,112,112,226,119,138,90,35,56,1083,5348,2313,464,4862,742,173,27,805,642,1596,718
2023-01-29,202305,686,191,251,4,269,27,118,149,123,240,150,113,111,51,75,1281,8307,3215,593,6361,1050,343,60,1125,755,2097,891
2023-02-05,202306,777,196,277,3,242,12,143,175,161,246,107,138,154,68,63,1431,10747,4401,888,8269,1588,524,122,1401,1049,2116,940
2023-02-12,202307,604,204,180,1,194,11,109,144,158,274,102,117,133,54,38,1142,11147,4541,650,9431,2332,623,104,1665,1006,1867,790
2023-02-19,202308,590,192,148,1,183,19,152,198,201,354,138,134,180,56,54,1286,12762,5242,855,10637,2645,806,207,1729,898,1863,883
2023-02-26,202309,652,257,167,1,208,22,139,304,274,482,161,169,209,78,64,1302,16314,6096,1203,14223,4357,1629,348,2174,1051,2230,875
2023-03-05,202310,716,231,143,1,274,17,127,339,298,577,161,202,395,74,55,1429,19615,6575,1254,17177,6350,2550,562,2701,1063,2320,976
2023-03-12,202311,491,288,125,0,300,18,141,304,340,561,127,226,407,91,75,1375,22052,7073,1516,19554,8200,4311,960,2631,989,2423,934
2023-03-19,202312,398,231,119,1,308,14,184,255,368,614,211,326,389,110,63,1406,24680,7201,1983,23368,12578,6848,1598,3141,1263,3044,1095
2023-03-26,202313,373,197,122,2,208,11,214,192,435,581,289,306,429,121,81,1230,25995,7397,1926,25346,15598,9873,2125,3257,1227,2970,1086
2023-04-02,202314,263,177,125,2,163,9,177,162,363,444,396,319,362,159,59,1145,25014,6403,1792,24744,16812,12109,2773,3018,1221,2275,921
2023-04-09,202315,300,198,106,1,169,14,222,200,375,543,489,428,317,163,85,1430,28928,6277,2136,26166,20908,13011,3418,3223,1480,2847,1207
2023-04-16,202316,241,203,153,2,136,17,151,206,397,509,464,333,265,146,72,1342,25885,5632,1743,22349,19158,13663,3888,2797,1410,2611,1097
2023-04-23,202317,159,126,135,2,125,21,151,151,376,476,324,244,214,127,56,1393,22023,4968,1782,18693,15635,12840,3223,2146,1200,2396,1032
2023-04-30,202318,192,134,143,2,141,7,110,150,357,636,323,286,219,147,86,1663,22246,5199,1985,18066,16117,12822,3739,2427,1361,2599,1092
2023-05-07,202319,138,87,127,3,115,12,112,121,352,689,233,239,216,137,81,1603,20156,4714,1991,16828,15109,12733,3198,2272,1087,2382,935
2023-05-14,202320,119,103,131,1,112,9,142,101,361,666,229,231,188,111,67,1628,16231,4231,1834,13732,11907,10460,3082,1854,994,2105,958
2023-05-21,202321,97,77,89,3,121,5,101,69,282,615,216,223,166,126,67,1429,10976,3489,1495,8174,7831,7222,2353,1316,823,1511,730
2023-05-28,202322,71,60,65,2,119,22,87,75,257,512,171,198,152,124,119,1602,8363,3524,1368,6067,5781,6145,1852,1095,672,1360,745
2023-06-04,202323,76,60,75,1,97,17,60,68,217,475,108,173,119,137,109,1467,6261,3147,1397,4292,4243,4641,1151,830,607,1077,655
2023-06-11,202324,74,27,69,2,109,13,64,67,214,514,142,158,182,151,127,1505,5239,3113,1401,3507,2870,4080,1106,527,493,1077,706
2023-06-18,202325,84,41,78,4,77,15,44,74,204,424,151,158,149,131,85,1330,3907,2874,1286,2320,1759,2525,459,371,445,868,589
2023-06-25,202326,57,29,90,0,79,18,34,92,141,362,122,134,162,130,103,1258,2582,2233,929,1773,1499,1919,396,412,410,727,438
2023-07-02,202327,48,27,103,1,58,17,35,78,110,340,96,140,148,121,124,1238,1895,1887,791,1267,1220,1638,441,366,346,622,466
2023-07-09,202328,49,37,115,5,49,19,27,67,140,339,122,114,186,149,85,1328,1506,1666,673,1066,878,1100,254,305,274,616,500
2023-07-16,202329,41,33,93,1,72,18,28,47,73,291,100,96,168,117,105,1285,1336,1204,583,862,643,742,124,231,235,577,406
2023-07-23,202330,29,23,89,4,61,24,41,51,73,253,92,100,128,112,72,881,1126,1200,478,768,579,486,115,154,214,527,361
2023-07-30,202331,25,32,57,3,83,43,30,44,75,272,109,98,200,121,59,974,1027,1088,536,781,555,464,109,140,247,599,445
2023-08-06,202332,49,40,46,8,75,56,23,43,58,216,95,99,161,121,84,815,1020,930,464,704,508,341,113,157,181,567,382
2023-08-13,202333,34,34,75,21,91,43,26,43,49,210,65,75,167,102,75,695,928,798,420,803,489,349,76,111,174,689,396
2023-08-20,202334,37,26,65,11,73,80,18,28,46,224,83,76,159,85,69,596,875,854,387,689,488,250,44,76,157,627,365
2023-08-27,202335,19,37,67,23,47,98,18,31,46,188,73,84,123,86,57,611,839,700,332,685,378,245,49,77,130,683,399
2023-09-03,202336,20,18,77,4,56,49,15,24,33,134,72,75,129,71,53,466,707,631,308,648,354,237,18,59,131,676,437
2023-09-10,202337,32,33,75,18,61,50,19,24,40,133,74,77,136,63,36,415,959,768,418,800,459,268,42,72,124,820,444
2023-09-17,202338,25,52,73,14,50,46,16,34,33,104,107,77,129,47,51,419,1046,835,443,846,488,258,33,77,119,869,395
2023-09-24,202339,34,36,57,16,46,30,16,17,16,88,107,82,136,62,38,355,1004,856,386,827,503,205,27,59,126,735,371
2023-10-01,202340,36,55,72,2,35,34,11,20,26,122,98,88,143,53,30,415,1192,900,391,889,557,185,39,50,136,860,359
2023-10-08,202341,37,54,55,7,45,23,14,24,22,85,91,76,136,48,44,356,1203,791,351,791,529,176,37,53,130,680,252
2023-10-15,202342,73,63,73,1,57,13,34,22,29,88,97,111,159,57,37,378,1547,864,451,1001,665,216,34,99,163,816,355
2023-10-22,202343,60,110,82,1,39,8,13,8,25,86,81,58,113,47,39,331,1730,790,470,1040,586,202,41,87,168,769,281
2023-10-29,202344,49,138,62,2,37,34,28,16,14,61,137,71,134,33,41,346,1921,842,519,1035,676,211,57,72,143,769,365
2023-11-05,202345,47,225,115,2,48,25,33,25,24,78,126,93,162,45,58,386,2914,1028,734,1382,1027,287,44,73,207,1053,503
2023-11-12,202346,30,264,114,4,55,20,27,21,26,63,124,80,123,36,78,370,3016,805,730,1362,1078,258,40,79,175,951,590
2023-11-19,202347,32,364,153,2,62,28,53,28,26,84,149,102,157,39,82,357,4362,944,1094,2007,1397,483,64,86,237,1170,944
2023-11-26,202348,37,534,156,7,75,17,69,35,25,75,104,93,191,32,83,388,5006,914,1236,2276,1473,687,82,94,250,1332,1255
2023-12-03,202349,35,877,204,3,64,24,68,11,30,81,131,95,232,35,81,380,5472,931,1533,2665,2042,830,103,117,273,1198,1671
2023-12-10,202350,30,1105,300,9,56,14,84,17,30,64,139,67,168,22,81,307,6086,904,1863,3170,3172,1071,190,112,226,993,2468
2023-12-17,202351,10,514,313,13,34,6,80,5,24,26,148,61,100,16,43,185,4756,831,1513,2937,2582,961,227,104,89,706,2833
2023-12-24,202352,22,474,256,2,49,18,71,13,25,28,61,54,95,33,10,207,5562,609,1821,3084,2699,539,203,80,172,1203,3680
2023-12-31,202401,89,818,597,2,181,145,48,53,88,77,135,55,97,71,19,668,18361,29,4432,7395,5545,784,344,193,576,3670,8565
2024-01-07,202402,99,554,512,6,234,212,53,82,137,75,122,97,70,62,34,838,23289,1459,5147,9320,7157,894,451,269,621,4031,8713
2024-01-14,202403,154,526,657,6,327,223,61,83,97,106,146,105,95,64,21,1058,35679,2078,7409,13718,9853,1294,765,383,897,5399,13135
2024-01-21,202404,182,410,429,16,387,210,61,75,111,148,139,93,126,81,25,1550,54266,2567,9524,19738,12069,1687,1226,484,1062,8373,19232
2024-01-28,202405,183,322,445,10,595,445,118,124,203,182,164,160,188,129,27,2840,75435,3586,12489,23881,12503,2446,1644,470,1302,12515,22583
2024-02-04,202406,232,206,519,4,681,471,129,214,321,184,216,157,271,159,35,4144,89803,4443,17780,32307,15589,4474,2609,571,1522,14475,21745
2024-02-11,202407,289,162,504,18,1071,599,131,397,436,213,389,328,520,264,63,5990,102825,6337,24277,44975,20877,7205,4322,820,1654,16496,21486
2024-02-18,202408,552,175,478,14,1172,630,174,602,681,305,767,655,934,526,115,10651,127746,8708,28482,56898,25328,10568,5536,808,1921,18879,23166
2024-02-25,202409,540,173,457,7,1243,680,232,747,675,442,948,908,1185,587,122,14648,134412,10880,27774,71633,27235,13489,7110,881,1801,19539,21990
2024-03-03,202410,604,146,420,11,1139,590,252,768,817,474,1204,1017,1331,543,103,16541,135296,11438,25296,85211,33358,15856,10051,1031,1569,19170,19205
2024-03-10,202411,459,131,367,18,1183,370,253,933,848,471,1309,977,1389,565,102,18217,136191,11994,22979,101311,38947,19536,11808,1211,1687,20213,17170
2024-03-17,202412,353,85,267,7,1134,342,286,1053,777,493,1175,1025,1428,590,92,19414,138287,11040,18686,131757,44527,26824,14062,1186,1659,19441,15588
2024-03-24,202413,157,106,174,6,947,370,232,744,616,502,899,706,1114,455,98,17522,103743,8520,12834,124266,42983,27959,15549,1013,1315,15771,10347
2024-03-31,202414,203,97,229,9,1041,425,252,844,814,826,1024,841,1458,524,131,20115,106759,8889,15220,141429,47183,30640,18827,1088,1902,19248,10614
2024-04-07,202415,134,99,168,5,873,321,318,772,736,890,901,735,1185,632,90,18026,97286,7381,12581,156578,45933,32598,21333,1167,1866,19706,9539
2024-04-14,202416,151,120,166,10,834,304,348,668,738,832,795,659,1281,583,70,16006,76286,6700,10197,150206,45158,31375,21584,953,2090,19600,7332
2024-04-21,202417,126,90,108,8,655,211,272,447,674,662,639,447,1018,538,80,12596,60440,5408,8244,143270,35458,27037,18923,928,2077,17751,5581
2024-04-28,202418,79,77,102,5,541,198,247,375,541,666,505,375,936,572,63,11063,55118,4792,7996,148267,37950,23414,15905,966,2354,17278,4417
2024-05-05,202419,69,54,94,7,521,175,198,311,601,532,504,385,863,575,64,9761,45496,4824,7266,159561,40183,24412,14125,1044,2347,15524,3696
2024-05-12,202420,53,35,93,19,426,190,208,216,673,461,397,361,840,650,54,7540,35092,4189,5873,149098,33762,21083,14415,860,1823,12494,3192
2024-05-19,202421,32,38,81,35,341,162,164,204,620,420,341,298,806,573,56,5799,26097,3385,4986,111943,21564,10493,4347,486,1421,9812,2828
2024-05-26,202422,28,48,63,26,253,171,133,133,497,346,262,238,670,591,59,3859,15334,2372,2957,70482,12512,6745,3793,269,830,6750,2019
2024-06-02,202423,32,28,57,36,334,205,77,108,527,351,243,247,672,641,78,2946,10445,2365,2615,45666,7810,4970,2294,229,1002,5701,1356
2024-06-09,202424,34,33,46,41,328,201,63,88,430,366,227,263,643,767,68,2245,7644,2021,2149,41835,8434,4685,2829,324,845,4835,886
2024-06-16,202425,32,27,45,30,281,206,51,92,313,304,224,186,715,775,51,1599,5421,1710,1728,34116,6874,3774,2835,245,841,3569,586
2024-06-23,202426,27,33,61,30,269,188,40,63,201,249,297,191,575,625,48,1371,3838,1455,1409,23046,4288,2449,1663,141,579,2733,298
2024-06-30,202427,25,32,79,23,255,292,39,48,193,291,319,234,595,793,46,1259,2926,1276,1187,14991,2680,1371,846,87,582,2521,344
2024-07-07,202428,22,25,76,25,233,257,19,37,185,233,269,194,437,825,54,1124,2010,1001,870,10192,1343,705,357,49,391,1817,290
2024-07-14,202429,22,24,77,12,199,271,15,23,194,184,275,211,577,721,48,983,1644,905,878,7720,1081,484,322,40,256,1420,205
2024-07-21,202430,17,17,67,17,184,231,15,27,160,145,202,192,420,674,39,753,1127,824,742,6532,1141,490,283,41,299,1355,218
2024-07-28,202431,23,26,74,11,196,296,18,27,118,176,228,202,303,488,39,680,1053,676,685,5554,907,400,252,50,284,1398,247
2024-08-04,202432,22,28,75,26,188,219,10,28,104,184,222,213,308,454,44,595,864,610,570,4468,707,299,165,28,226,1072,232
2024-08-11,202433,15,29,71,17,158,195,9,24,77,153,189,201,297,406,30,541,828,550,482,3877,527,226,145,27,164,1001,259
2024-08-18,202434,20,22,73,13,191,183,12,25,80,130,154,162,329,316,42,473,945,547,507,3492,533,204,124,30,146,912,227
2024-08-25,202435,18,20,93,21,163,133,14,27,73,107,141,161,245,313,22,402,712,501,432,2993,417,115,117,22,138,789,196
2024-09-01,202436,7,23,87,10,134,115,11,20,58,92,142,151,310,258,25,385,827,526,521,3326,506,99,135,15,147,801,184
2024-09-08,202437,17,38,110,8,164,108,14,24,41,95,127,132,297,243,22,401,800,480,584,3276,555,97,136,21,116,825,193
2024-09-15,202438,9,31,75,9,175,111,15,24,33,78,138,122,321,244,15,337,893,535,425,3071,500,112,109,39,138,744,181
2024-09-22,202439,7,38,66,14,132,96,4,17,26,90,122,108,267,185,13,314,856,553,404,3113,551,117,129,39,76,631,199
2024-09-29,202440,4,73,60,9,128,100,7,20,39,55,90,107,234,160,25,234,891,587,368,3067,544,129,119,27,98,656,186
2024-10-06,202441,6,76,87,13,83,74,5,14,37,60,125,118,231,137,13,278,852,516,364,2801,489,139,99,31,80,720,179
2024-10-13,202442,13,76,77,5,102,70,7,15,43,64,116,114,240,120,18,310,842,649,333,3148,540,141,122,26,94,728,158
2024-10-20,202443,7,88,92,5,114,56,14,16,36,61,102,139,247,100,10,291,1011,748,412,3066,599,143,123,28,100,863,203
2024-10-27,202444,12,104,122,6,122,56,10,25,26,37,140,125,245,106,11,307,1130,647,388,3388,668,176,134,36,113,970,261
2024-11-03,202445,10,97,89,5,138,29,14,20,32,46,117,111,255,90,17,331,1339,925,421,3410,623,179,144,41,132,1089,325
2024-11-10,202446,20,138,70,4,157,47,13,24,33,53,97,109,229,77,7,306,1539,973,333,3854,667,185,126,31,173,1219,323
2024-11-17,202447,14,183,132,2,194,31,29,24,29,83,94,128,264,64,9,366,2002,1342,312,4800,766,187,99,41,226,1612,469
2024-11-24,202448,14,193,96,3,150,22,18,17,46,55,115,111,282,54,11,412,2223,1640,377,5494,756,164,155,35,305,1678,377
2024-12-01,202449,23,265,141,4,185,26,21,15,25,47,111,126,209,60,10,434,2462,2106,392,7020,776,283,130,39,455,1959,422
2024-12-08,202450,18,375,128,4,195,21,30,22,38,32,120,135,239,65,7,451,2613,2687,426,8914,832,393,99,70,555,1771,359
2024-12-15,202451,20,419,102,3,206,27,16,9,26,45,133,100,259,63,4,437,2297,3252,330,9136,823,310,95,56,641,1595,335
2024-12-22,202452,7,436,108,2,181,31,18,12,24,18,102,105,206,61,7,365,1788,2781,335,10964,855,390,84,92,648,1540,287
2024-12-29,202501,33,505,145,3,289,47,31,23,40,35,67,92,215,68,12,477,2635,1836,585,19615,1153,476,149,137,1007,1803,353
2025-01-05,202502,26,540,160,3,491,96,60,41,71,64,87,100,253,72,9,589,3752,1962,720,24071,1434,459,205,206,1612,2650,402
2025-01-12,202503,32,536,170,4,678,84,57,69,103,78,102,143,237,61,6,683,4881,1982,762,28033,1712,467,222,255,2060,2648,344
2025-01-19,202504,60,629,193,6,682,110,98,90,130,82,129,190,254,43,9,909,6260,2053,955,33655,2084,513,262,278,2198,3405,384
2025-01-26,202505,96,664,173,7,755,140,85,123,144,104,125,175,279,59,13,821,6651,1954,1256,37750,2331,511,267,340,1991,3880,394
2025-02-02,202506,127,670,177,5,862,132,99,168,172,72,127,211,364,81,14,968,7524,1614,1832,36926,2526,476,319,347,1810,4075,476
2025-02-09,202507,72,601,219,9,930,137,159,209,230,89,149,300,394,85,18,1070,8539,1339,2164,42357,3664,492,471,416,1768,4253,431
2025-02-16,202508,59,665,199,5,782,146,129,333,236,106,164,360,475,74,12,1103,9394,1430,1824,47113,4810,644,736,445,1651,4128,455
2025-02-23,202509,109,580,174,10,681,99,95,207,234,78,166,161,339,70,12,924,7792,978,1273,49131,5328,669,943,491,1138,3612,397
2025-03-02,202510,161,370,221,11,684,70,99,212,255,99,159,173,354,63,11,969,8021,909,1409,54900,6381,851,1266,592,1146,3562,355
2025-03-09,202511,232,382,276,10,674,70,99,304,266,166,254,223,530,78,14,1177,9433,964,1429,58979,7466,1138,2282,631,1116,3957,413
2025-03-16,202512,369,422,200,9,681,69,112,374,359,196,244,199,608,115,18,1184,9635,975,1397,60474,8128,1335,2930,823,1014,3734,379
2025-03-23,202513,328,305,250,5,634,61,85,335,327,237,255,199,673,172,19,1202,9621,928,1243,54648,8780,1495,5033,809,1043,3841,346
2025-03-30,202514,167,235,281,10,617,53,157,343,397,287,307,219,839,149,42,1240,9456,947,1469,52158,9467,2027,7336,717,992,4012,291
2025-04-06,202515,90,179,242,14,555,41,157,250,364,258,338,248,860,132,43,1158,8716,882,1516,46191,8537,2125,7368,774,1240,3753,278
2025-04-13,202516,115,215,207,21,522,55,227,179,324,280,295,271,838,147,45,960,7362,922,1232,38213,6849,2023,7517,802,1071,3712,277
2025-04-20,202517,133,207,202,19,604,33,271,273,384,343,432,311,831,224,71,1369,9002,1004,1369,39231,7716,2443,9441,940,1253,4397,352
2025-04-27,202518,169,207,166,25,557,32,315,315,294,437,435,246,652,162,73,1184,7973,855,1234,32553,6608,2177,8327,874,1142,4540,354
2025-05-04,202519,158,223,187,23,575,41,329,331,347,528,495,261,691,162,78,1195,7786,1087,1361,30041,7192,2555,8571,1070,1356,4699,418
2025-05-11,202520,119,289,154,21,454,20,340,199,298,529,333,210,556,145,80,1047,6129,1110,1178,24348,7016,2652,8930,1209,1427,3747,301
2025-05-18,202521,45,247,139,28,258,8,238,107,197,438,257,234,401,107,80,820,3757,1191,1019,17902,6518,2640,7826,1394,1212,2280,352
2025-05-25,202522,9,39,30,14,37,0,116,10,35,120,112,139,123,32,19,219,846,640,362,5461,2221,1581,2500,410,271,496,166
